missingMass,weight,SignalChannel
-0.47734675,1.0,1.0
2.9103012,1.0,2.0
1.6474581,1.0,2.0
0.8405362,1.0,1.0
1.3446591,1.0,2.0
1.2443894,1.0,2.0
0.16871206,1.0,1.0
2.8515458,1.0,1.0
1.411168,1.0,2.0
2.054749,1.0,2.0
2.306235,1.0,1.0
1.0592823,1.0,2.0
2.920032,1.0,2.0
2.3127851,1.0,2.0
1.6029803,1.0,2.0
2.648843,1.0,2.0
0.4708426,1.0,1.0
2.533109,1.0,1.0
2.60971,1.0,2.0
0.92135495,1.0,2.0
2.7354534,1.0,1.0
2.8325577,1.0,1.0
2.955267,1.0,1.0
1.7486348,1.0,2.0
2.4273071,1.0,1.0
1.8456767,1.0,1.0
2.3164961,1.0,2.0
2.283304,1.0,1.0
2.770436,1.0,2.0
0.05978358,1.0,2.0
2.5984397,1.0,2.0
0.6941541,1.0,2.0
1.4520937,1.0,2.0
2.7148795,1.0,1.0
2.049423,1.0,2.0
2.3565555,1.0,1.0
0.6371613,1.0,2.0
2.9594157,1.0,2.0
1.554341,1.0,2.0
-0.42253193,1.0,2.0
0.017196365,1.0,2.0
2.8998382,1.0,1.0
1.9590302,1.0,2.0
2.8770688,1.0,1.0
1.0566894,1.0,2.0
1.4033905,1.0,1.0
1.0684947,1.0,1.0
2.4914467,1.0,1.0
1.9446031,1.0,1.0
0.9138121,1.0,2.0
2.9136186,1.0,1.0
1.305083,1.0,1.0
-0.9925261,1.0,1.0
0.5951478,1.0,1.0
0.79215443,1.0,2.0
2.9508483,1.0,1.0
2.032647,1.0,2.0
2.4381058,1.0,1.0
0.3889537,1.0,2.0
1.7966706,1.0,2.0
2.145311,1.0,2.0
0.3354241,1.0,2.0
2.2919323,1.0,1.0
1.0128167,1.0,1.0
1.9463468,1.0,1.0
0.032411214,1.0,2.0
2.6903696,1.0,1.0
2.967905,1.0,1.0
1.6896276,1.0,1.0
-0.06389595,1.0,1.0
1.4670712,1.0,2.0
2.9797363,1.0,2.0
0.8087063,1.0,2.0
2.9486604,1.0,1.0
2.473263,1.0,1.0
2.916388,1.0,2.0
2.1759126,1.0,2.0
2.4143672,1.0,2.0
2.5863295,1.0,2.0
2.0149508,1.0,1.0
0.11029275,1.0,2.0
2.423889,1.0,2.0
2.919116,1.0,1.0
2.3179905,1.0,2.0
1.9729496,1.0,2.0
2.2892754,1.0,1.0
1.8332447,1.0,1.0
2.2617698,1.0,1.0
1.813261,1.0,1.0
-0.17270532,1.0,2.0
1.5078248,1.0,1.0
2.325697,1.0,1.0
2.2356203,1.0,1.0
2.5831032,1.0,2.0
2.6363287,1.0,2.0
2.6975121,1.0,2.0
2.2728858,1.0,1.0
2.7666128,1.0,2.0
2.1970634,1.0,1.0
2.5977218,1.0,1.0
-0.49750602,1.0,2.0
2.9893632,1.0,2.0
2.7732677,1.0,2.0
2.48246,1.0,1.0
2.391559,1.0,1.0
2.6004624,1.0,2.0
1.5201029,1.0,2.0
2.5529923,1.0,2.0
1.4362788,1.0,2.0
1.7994822,1.0,2.0
2.6509252,1.0,2.0
2.808823,1.0,2.0
1.0544572,1.0,1.0
1.1422035,1.0,2.0
1.9806719,1.0,2.0
1.5330726,1.0,2.0
0.52293885,1.0,1.0
2.045532,1.0,2.0
1.9763726,1.0,2.0
2.0678952,1.0,1.0
2.5312564,1.0,1.0
1.271366,1.0,2.0
-0.11504357,1.0,2.0
0.9871601,1.0,1.0
2.3637764,1.0,1.0
1.3381938,1.0,1.0
1.0476613,1.0,1.0
0.85664016,1.0,1.0
2.7026906,1.0,2.0
2.3329854,1.0,2.0
2.150662,1.0,1.0
-1.1418511,1.0,1.0
2.915146,1.0,1.0
2.8734503,1.0,2.0
0.2949418,1.0,2.0
2.1285076,1.0,1.0
1.4192305,1.0,2.0
1.4163479,1.0,1.0
2.1370494,1.0,2.0
2.5874748,1.0,2.0
2.126951,1.0,1.0
-0.044311184,1.0,2.0
2.9138405,1.0,1.0
1.4255915,1.0,2.0
-0.10266374,1.0,2.0
0.18325248,1.0,2.0
2.8524818,1.0,1.0
1.1884959,1.0,2.0
2.9433587,1.0,1.0
2.8552706,1.0,1.0
2.9981499,1.0,1.0
2.800189,1.0,2.0
1.337993,1.0,1.0
0.3560849,1.0,2.0
2.5693724,1.0,1.0
1.153015,1.0,2.0
2.1115475,1.0,2.0
1.943823,1.0,2.0
2.527966,1.0,1.0
1.1066977,1.0,1.0
2.8347225,1.0,1.0
2.8175058,1.0,1.0
2.075969,1.0,1.0
2.6610522,1.0,1.0
2.2501671,1.0,2.0
1.6228763,1.0,1.0
2.2020185,1.0,2.0
1.2798775,1.0,1.0
2.6234286,1.0,2.0
1.5200435,1.0,2.0
2.8087838,1.0,1.0
2.6538916,1.0,1.0
1.4824182,1.0,1.0
1.4846668,1.0,1.0
1.868134,1.0,1.0
2.476215,1.0,1.0
1.7836844,1.0,1.0
2.2390988,1.0,1.0
2.9085617,1.0,1.0
2.4130573,1.0,2.0
2.7543519,1.0,2.0
-0.13401769,1.0,2.0
2.929757,1.0,2.0
2.1299746,1.0,2.0
2.373398,1.0,1.0
0.047269303,1.0,2.0
1.8669401,1.0,1.0
2.3020797,1.0,2.0
1.7944676,1.0,2.0
0.44984,1.0,1.0
2.2295363,1.0,2.0
2.4362473,1.0,1.0
1.6946522,1.0,2.0
0.5409241,1.0,1.0
1.1488872,1.0,2.0
2.817498,1.0,1.0
0.21272936,1.0,2.0
2.445982,1.0,1.0
1.6748871,1.0,2.0
1.9005996,1.0,2.0
0.5492075,1.0,2.0
2.1718998,1.0,2.0
1.7645204,1.0,2.0
2.045317,1.0,2.0
2.060892,1.0,2.0
2.5190413,1.0,1.0
0.94017076,1.0,1.0
2.4865642,1.0,2.0
1.8568349,1.0,1.0
2.35181,1.0,2.0
1.3369378,1.0,1.0
2.9813094,1.0,2.0
1.832852,1.0,1.0
-0.11791541,1.0,1.0
2.6357796,1.0,1.0
1.0929201,1.0,2.0
1.9512466,1.0,1.0
1.882325,1.0,1.0
2.1064563,1.0,2.0
0.33019507,1.0,2.0
0.4923535,1.0,1.0
2.4714043,1.0,1.0
0.038637213,1.0,2.0
2.533345,1.0,1.0
1.2971456,1.0,2.0
2.3144488,1.0,2.0
2.4536402,1.0,2.0
2.907228,1.0,2.0
2.7782702,1.0,1.0
2.3910923,1.0,1.0
1.4627999,1.0,2.0
1.0375795,1.0,2.0
1.9484317,1.0,2.0
1.5186131,1.0,1.0
1.37052,1.0,2.0
0.09536608,1.0,1.0
1.5211352,1.0,2.0
2.205165,1.0,2.0
2.1939495,1.0,1.0
2.9723663,1.0,1.0
1.7007182,1.0,2.0
2.5866728,1.0,2.0
1.4642657,1.0,1.0
2.2840092,1.0,1.0
2.319152,1.0,2.0
2.9322956,1.0,2.0
2.2659235,1.0,2.0
2.3749008,1.0,2.0
2.5708292,1.0,1.0
2.05041,1.0,2.0
1.200818,1.0,2.0
2.8853126,1.0,2.0
-1.0136575,1.0,2.0
2.75761,1.0,2.0
2.6233914,1.0,2.0
2.93958,1.0,2.0
2.5651805,1.0,2.0
2.4271,1.0,1.0
1.0734934,1.0,2.0
2.2914665,1.0,1.0
1.5699502,1.0,2.0
1.8560064,1.0,1.0
2.9229665,1.0,1.0
2.5073411,1.0,1.0
2.1688385,1.0,1.0
2.8303096,1.0,2.0
1.929923,1.0,1.0
2.9640214,1.0,2.0
1.2033306,1.0,2.0
0.4524652,1.0,1.0
2.6928687,1.0,2.0
2.4051285,1.0,1.0
2.6039166,1.0,1.0
2.6469767,1.0,2.0
1.1356599,1.0,1.0
1.0908848,1.0,2.0
2.6974957,1.0,2.0
2.3674755,1.0,2.0
2.5042615,1.0,2.0
2.1276522,1.0,2.0
1.5743933,1.0,2.0
0.5627538,1.0,1.0
2.1959233,1.0,2.0
0.87046194,1.0,2.0
2.7302182,1.0,1.0
2.5515707,1.0,1.0
0.97191066,1.0,2.0
0.6712024,1.0,2.0
1.2773416,1.0,2.0
2.4499366,1.0,1.0
2.468125,1.0,2.0
1.3357817,1.0,2.0
0.21875782,1.0,1.0
2.1634119,1.0,2.0
-0.7640261,1.0,1.0
1.2688415,1.0,1.0
1.7269377,1.0,2.0
1.9549263,1.0,2.0
2.3429823,1.0,1.0
2.5890896,1.0,2.0
1.4063553,1.0,1.0
1.707811,1.0,1.0
1.9063414,1.0,2.0
1.9728434,1.0,1.0
2.790953,1.0,2.0
2.7098835,1.0,1.0
2.6810446,1.0,1.0
-0.030007973,1.0,1.0
2.9323525,1.0,2.0
2.448793,1.0,2.0
0.8045669,1.0,2.0
2.1005747,1.0,2.0
1.8594898,1.0,2.0
0.84933776,1.0,2.0
2.5160148,1.0,1.0
2.2691207,1.0,1.0
1.7881118,1.0,1.0
1.6215882,1.0,1.0
2.3326955,1.0,1.0
0.9599496,1.0,2.0
2.9349144,1.0,2.0
2.6210427,1.0,2.0
2.0618896,1.0,2.0
2.809604,1.0,2.0
1.9501016,1.0,2.0
2.9800801,1.0,1.0
2.7287908,1.0,1.0
2.808619,1.0,1.0
-0.19525477,1.0,2.0
1.834788,1.0,2.0
1.5912502,1.0,2.0
0.8331827,1.0,1.0
1.768728,1.0,1.0
2.5385609,1.0,1.0
2.2369518,1.0,2.0
2.0507126,1.0,2.0
2.9232213,1.0,2.0
2.7809303,1.0,1.0
2.734325,1.0,1.0
2.6781156,1.0,1.0
2.4156265,1.0,2.0
1.9925724,1.0,2.0
2.1256883,1.0,1.0
0.18643163,1.0,2.0
2.2169797,1.0,1.0
2.3189297,1.0,2.0
2.314347,1.0,2.0
1.4362309,1.0,1.0
2.5615354,1.0,2.0
1.3736731,1.0,1.0
2.9919143,1.0,2.0
0.31645927,1.0,2.0
1.2784437,1.0,2.0
2.2114248,1.0,1.0
0.8411608,1.0,1.0
-0.571192,1.0,2.0
2.405862,1.0,2.0
0.9672698,1.0,1.0
1.4049914,1.0,1.0
0.691696,1.0,1.0
2.74222,1.0,2.0
2.6569912,1.0,1.0
0.65830326,1.0,2.0
0.18192297,1.0,2.0
2.9532523,1.0,1.0
0.24851413,1.0,2.0
2.0345612,1.0,2.0
2.1748903,1.0,1.0
2.5820634,1.0,2.0
1.1479626,1.0,2.0
0.8463566,1.0,1.0
2.5759788,1.0,1.0
2.5491178,1.0,2.0
1.9917282,1.0,2.0
1.3421005,1.0,2.0
1.7127281,1.0,1.0
2.7556884,1.0,2.0
2.1211374,1.0,2.0
2.515827,1.0,2.0
2.2558298,1.0,2.0
1.8843298,1.0,2.0
1.0882971,1.0,1.0
2.6057653,1.0,2.0
2.5652368,1.0,1.0
1.614604,1.0,2.0
2.3484132,1.0,1.0
2.5099063,1.0,1.0
2.1718302,1.0,1.0
2.0784028,1.0,1.0
0.69811136,1.0,1.0
2.517306,1.0,2.0
2.8755534,1.0,1.0
2.907548,1.0,1.0
2.9288666,1.0,2.0
1.3061714,1.0,2.0
-0.61109114,1.0,2.0
2.9222927,1.0,2.0
1.9156755,1.0,2.0
-0.22321907,1.0,1.0
1.2828431,1.0,2.0
1.6155459,1.0,2.0
1.1308297,1.0,1.0
1.0698417,1.0,2.0
1.5426419,1.0,1.0
1.1811013,1.0,1.0
1.9326934,1.0,2.0
2.0918818,1.0,1.0
2.8306847,1.0,1.0
2.0490856,1.0,2.0
2.5740354,1.0,1.0
1.0815346,1.0,2.0
1.7127297,1.0,2.0
-0.10437525,1.0,1.0
1.3424127,1.0,1.0
0.53223544,1.0,2.0
2.1563356,1.0,1.0
1.6504622,1.0,1.0
2.2862725,1.0,2.0
0.6347751,1.0,2.0
-0.22057694,1.0,2.0
0.70535207,1.0,1.0
0.3182732,1.0,2.0
1.7523565,1.0,2.0
2.706374,1.0,2.0
2.0008183,1.0,1.0
0.4508115,1.0,2.0
2.1107118,1.0,2.0
1.6080301,1.0,1.0
2.6220727,1.0,1.0
0.7671219,1.0,2.0
1.9301118,1.0,1.0
2.2229643,1.0,2.0
2.028389,1.0,2.0
2.7052042,1.0,2.0
1.6428195,1.0,2.0
2.6932828,1.0,1.0
2.009781,1.0,2.0
2.8831074,1.0,1.0
1.9432777,1.0,1.0
2.7007787,1.0,2.0
1.8423749,1.0,1.0
1.553219,1.0,2.0
0.6426142,1.0,2.0
1.9901623,1.0,1.0
-0.4924937,1.0,2.0
2.9129422,1.0,2.0
2.0736132,1.0,2.0
1.2652863,1.0,2.0
1.0124208,1.0,2.0
0.9176804,1.0,2.0
0.010519605,1.0,2.0
0.36411822,1.0,1.0
2.1890292,1.0,1.0
1.8504092,1.0,1.0
1.0304911,1.0,2.0
2.8453026,1.0,2.0
2.1368868,1.0,2.0
1.9973278,1.0,1.0
2.7553797,1.0,1.0
2.1058054,1.0,2.0
1.4501687,1.0,1.0
0.20678827,1.0,2.0
2.5150168,1.0,1.0
2.8095834,1.0,1.0
2.2237387,1.0,1.0
-0.08857587,1.0,1.0
2.294755,1.0,1.0
1.179295,1.0,1.0
0.49716273,1.0,2.0
2.01083,1.0,2.0
-0.25316778,1.0,2.0
1.5969403,1.0,2.0
2.1194553,1.0,2.0
2.635199,1.0,2.0
2.2209332,1.0,1.0
1.1706237,1.0,1.0
-0.30486792,1.0,2.0
2.5900326,1.0,1.0
2.1774344,1.0,1.0
2.596675,1.0,1.0
0.2004121,1.0,2.0
2.2253585,1.0,2.0
0.6701733,1.0,1.0
0.96718043,1.0,2.0
-0.16625679,1.0,1.0
1.4384423,1.0,2.0
1.165656,1.0,1.0
1.5196284,1.0,2.0
2.8567295,1.0,2.0
2.1702034,1.0,1.0
2.3871343,1.0,2.0
2.7413323,1.0,2.0
0.7939089,1.0,2.0
2.2057934,1.0,2.0
2.8542583,1.0,2.0
2.4970605,1.0,1.0
2.5138247,1.0,2.0
1.5239946,1.0,2.0
0.23475857,1.0,2.0
2.3298974,1.0,1.0
1.9118816,1.0,2.0
2.9955604,1.0,1.0
2.0911467,1.0,2.0
0.6941666,1.0,1.0
2.3948777,1.0,1.0
1.9361807,1.0,1.0
0.40155444,1.0,2.0
0.33159778,1.0,1.0
2.936799,1.0,1.0
2.1246111,1.0,2.0
2.5171099,1.0,1.0
1.6066164,1.0,2.0
0.43540213,1.0,1.0
1.152928,1.0,1.0
1.6505746,1.0,2.0
2.7676039,1.0,2.0
1.7768167,1.0,2.0
1.4964479,1.0,2.0
2.7984304,1.0,2.0
1.8230261,1.0,2.0
0.8593807,1.0,2.0
2.1896305,1.0,2.0
1.4277765,1.0,2.0
0.56331664,1.0,1.0
1.0352784,1.0,1.0
1.572254,1.0,1.0
2.8768384,1.0,2.0
1.4919443,1.0,1.0
2.8148386,1.0,1.0
1.2991621,1.0,1.0
2.278225,1.0,2.0
2.52297,1.0,1.0
2.4194129,1.0,2.0
2.0628653,1.0,2.0
1.4138207,1.0,2.0
2.3535817,1.0,1.0
2.7045062,1.0,2.0
2.1619117,1.0,2.0
1.9201509,1.0,1.0
2.3778427,1.0,1.0
2.9142723,1.0,2.0
1.3093405,1.0,2.0
1.764378,1.0,1.0
1.0610864,1.0,1.0
2.3330538,1.0,2.0
2.974813,1.0,2.0
2.870214,1.0,2.0
2.582969,1.0,1.0
2.5308108,1.0,2.0
1.5861303,1.0,1.0
2.7513504,1.0,1.0
2.2660449,1.0,2.0
1.817324,1.0,2.0
0.8147049,1.0,2.0
1.9709476,1.0,2.0
2.9397786,1.0,1.0
2.8629403,1.0,2.0
2.8080888,1.0,2.0
0.28502348,1.0,2.0
1.7684208,1.0,2.0
0.41734767,1.0,2.0
2.20303,1.0,1.0
2.859929,1.0,2.0
0.08884932,1.0,1.0
0.08666754,1.0,2.0
1.7632433,1.0,1.0
2.1193113,1.0,2.0
2.0055563,1.0,1.0
2.7949858,1.0,2.0
0.7400859,1.0,2.0
1.8257886,1.0,2.0
2.8241363,1.0,1.0
0.8544074,1.0,2.0
1.4040431,1.0,2.0
1.7325709,1.0,1.0
1.8832572,1.0,1.0
0.11649371,1.0,2.0
1.8083761,1.0,1.0
1.3130921,1.0,2.0
1.1918162,1.0,1.0
0.29491162,1.0,2.0
2.2020833,1.0,2.0
2.8100584,1.0,2.0
1.0094956,1.0,1.0
1.851926,1.0,2.0
1.3331329,1.0,2.0
1.6097996,1.0,1.0
2.2129006,1.0,1.0
2.7910562,1.0,2.0
1.9750202,1.0,2.0
2.151055,1.0,1.0
2.0820193,1.0,2.0
1.0636718,1.0,2.0
0.87744814,1.0,2.0
2.65284,1.0,2.0
2.854598,1.0,2.0
2.554021,1.0,2.0
1.6199758,1.0,2.0
2.7662446,1.0,2.0
1.802852,1.0,1.0
-0.67398804,1.0,1.0
2.3857877,1.0,1.0
1.7643638,1.0,1.0
2.2141466,1.0,1.0
1.961438,1.0,1.0
2.371046,1.0,1.0
1.2680016,1.0,2.0
0.22535637,1.0,1.0
2.638073,1.0,1.0
0.5269938,1.0,1.0
0.09737868,1.0,1.0
2.6402225,1.0,1.0
2.3587573,1.0,1.0
1.6833898,1.0,2.0
0.07986109,1.0,1.0
1.7297177,1.0,1.0
-0.026325393,1.0,2.0
1.4122208,1.0,1.0
1.8670273,1.0,2.0
1.6422957,1.0,1.0
2.946689,1.0,2.0
2.4011266,1.0,2.0
1.6588522,1.0,2.0
2.4389372,1.0,2.0
2.2190485,1.0,1.0
1.9360254,1.0,2.0
2.3277194,1.0,1.0
2.7902873,1.0,2.0
2.6240811,1.0,1.0
1.8361695,1.0,2.0
2.7932427,1.0,2.0
0.92592406,1.0,2.0
2.4313514,1.0,1.0
0.33016598,1.0,2.0
2.2786715,1.0,2.0
1.5370209,1.0,2.0
2.539135,1.0,2.0
2.629196,1.0,2.0
2.8220592,1.0,2.0
-0.19796202,1.0,2.0
1.8622438,1.0,1.0
-0.1780994,1.0,2.0
1.7673372,1.0,2.0
1.394129,1.0,2.0
2.9581077,1.0,2.0
2.752759,1.0,2.0
0.11021406,1.0,1.0
1.6500989,1.0,1.0
1.9230599,1.0,2.0
2.571122,1.0,2.0
2.4198809,1.0,2.0
2.0865195,1.0,2.0
1.7809378,1.0,1.0
1.7636807,1.0,1.0
2.9984283,1.0,2.0
2.6442168,1.0,2.0
2.956609,1.0,1.0
2.728278,1.0,1.0
2.9935272,1.0,2.0
1.4023057,1.0,1.0
2.6699317,1.0,1.0
-0.5449062,1.0,2.0
1.4683995,1.0,2.0
2.8378556,1.0,1.0
1.7450421,1.0,2.0
2.3494601,1.0,1.0
1.5052865,1.0,1.0
2.683015,1.0,2.0
2.2052402,1.0,2.0
1.4743311,1.0,2.0
2.2043352,1.0,2.0
0.7045514,1.0,1.0
2.3629348,1.0,1.0
2.920518,1.0,2.0
2.488402,1.0,2.0
1.9114671,1.0,1.0
2.9163458,1.0,2.0
2.6834316,1.0,1.0
2.0370111,1.0,2.0
1.03985,1.0,2.0
-0.6118905,1.0,1.0
2.7328138,1.0,1.0
2.7069275,1.0,2.0
0.011182164,1.0,2.0
2.77583,1.0,1.0
2.0950124,1.0,2.0
1.4125915,1.0,1.0
2.2780802,1.0,2.0
2.8090527,1.0,2.0
2.8305547,1.0,2.0
2.7527122,1.0,1.0
-0.5071319,1.0,1.0
2.1419725,1.0,2.0
2.640513,1.0,2.0
2.3289285,1.0,2.0
1.1152847,1.0,2.0
1.1019503,1.0,1.0
1.8756588,1.0,1.0
2.7421708,1.0,1.0
0.6706135,1.0,1.0
2.4983003,1.0,2.0
1.1811332,1.0,2.0
1.7534281,1.0,1.0
0.73244053,1.0,2.0
2.9034832,1.0,2.0
1.8282586,1.0,1.0
0.010721629,1.0,2.0
1.1908712,1.0,1.0
2.176962,1.0,1.0
2.484084,1.0,2.0
2.9586875,1.0,1.0
1.7627228,1.0,2.0
-0.5110263,1.0,2.0
2.2847934,1.0,1.0
0.0814269,1.0,1.0
2.3729758,1.0,2.0
2.9860826,1.0,1.0
-0.15499975,1.0,1.0
2.6503959,1.0,2.0
2.7961571,1.0,1.0
2.7063038,1.0,2.0
2.955884,1.0,2.0
0.8292947,1.0,2.0
1.964545,1.0,2.0
2.84875,1.0,1.0
2.3688588,1.0,1.0
2.8280978,1.0,1.0
1.9369714,1.0,1.0
2.7585924,1.0,2.0
1.0171778,1.0,1.0
2.7575967,1.0,2.0
-0.31390586,1.0,2.0
0.80001813,1.0,2.0
2.544559,1.0,2.0
2.4165628,1.0,2.0
0.36012468,1.0,1.0
2.1330576,1.0,2.0
2.378646,1.0,2.0
2.639569,1.0,2.0
1.6529112,1.0,2.0
2.5763927,1.0,2.0
2.1018436,1.0,1.0
2.2199447,1.0,2.0
2.5708375,1.0,2.0
2.2688863,1.0,2.0
2.7522357,1.0,2.0
-0.1605119,1.0,2.0
0.35830888,1.0,1.0
2.9284353,1.0,2.0
2.4184408,1.0,2.0
1.3441192,1.0,2.0
0.23938958,1.0,1.0
2.995317,1.0,1.0
2.72728,1.0,2.0
2.1236968,1.0,2.0
2.8694143,1.0,1.0
1.4743228,1.0,2.0
2.125314,1.0,1.0
0.4125425,1.0,2.0
1.6547874,1.0,2.0
2.4743824,1.0,2.0
1.7466019,1.0,1.0
1.9694929,1.0,1.0
1.8072172,1.0,1.0
2.4967263,1.0,1.0
1.9478645,1.0,1.0
1.3490233,1.0,2.0
-0.047097508,1.0,1.0
2.1199398,1.0,2.0
0.91046673,1.0,1.0
0.7857431,1.0,1.0
2.5871868,1.0,2.0
-0.13512734,1.0,2.0
2.338646,1.0,2.0
2.3497288,1.0,2.0
2.169082,1.0,1.0
1.594912,1.0,2.0
0.087654315,1.0,2.0
2.6593032,1.0,1.0
2.9649496,1.0,1.0
2.9722047,1.0,2.0
2.588899,1.0,1.0
2.5500119,1.0,2.0
2.726058,1.0,2.0
2.1687357,1.0,2.0
2.25412,1.0,2.0
1.3076073,1.0,2.0
1.1598827,1.0,2.0
2.7878423,1.0,2.0
2.0152054,1.0,1.0
-0.22350347,1.0,1.0
2.2607336,1.0,2.0
2.2058651,1.0,2.0
2.871034,1.0,2.0
1.506434,1.0,2.0
2.9123714,1.0,2.0
2.1041653,1.0,2.0
1.616982,1.0,1.0
1.304121,1.0,2.0
2.6520042,1.0,1.0
1.2908217,1.0,2.0
2.688347,1.0,2.0
1.547015,1.0,2.0
0.7003662,1.0,2.0
2.4128203,1.0,2.0
2.0590575,1.0,1.0
2.4513986,1.0,1.0
2.554083,1.0,2.0
2.0034838,1.0,1.0
2.0647154,1.0,1.0
0.35626408,1.0,1.0
2.0624754,1.0,2.0
2.3547642,1.0,2.0
2.772673,1.0,2.0
1.6911212,1.0,2.0
2.8021903,1.0,1.0
1.1543162,1.0,2.0
1.100222,1.0,2.0
2.027015,1.0,1.0
2.023237,1.0,2.0
-0.11121498,1.0,2.0
1.0145006,1.0,1.0
2.6551988,1.0,2.0
2.821845,1.0,1.0
1.9751756,1.0,2.0
2.2500515,1.0,2.0
2.8117228,1.0,1.0
2.276961,1.0,1.0
2.811789,1.0,1.0
2.92671,1.0,1.0
0.7275246,1.0,2.0
1.843782,1.0,2.0
1.8370378,1.0,1.0
1.995483,1.0,1.0
0.21210337,1.0,1.0
2.634355,1.0,2.0
2.9469075,1.0,1.0
2.11136,1.0,2.0
1.9427055,1.0,2.0
0.25798848,1.0,1.0
-0.17538784,1.0,2.0
-0.059329174,1.0,2.0
2.1101859,1.0,2.0
1.8433956,1.0,1.0
2.7056143,1.0,2.0
2.0318944,1.0,1.0
0.9274978,1.0,1.0
2.7300646,1.0,2.0
2.0365474,1.0,1.0
0.57411754,1.0,1.0
1.9174316,1.0,2.0
2.93537,1.0,1.0
2.073345,1.0,2.0
1.4011356,1.0,1.0
2.1984148,1.0,2.0
2.694316,1.0,1.0
1.1225057,1.0,2.0
1.2157409,1.0,1.0
2.4855905,1.0,1.0
-0.04691382,1.0,1.0
-0.10379938,1.0,1.0
2.2538764,1.0,1.0
1.7141886,1.0,2.0
2.5543704,1.0,1.0
0.38264114,1.0,2.0
-0.12733863,1.0,2.0
1.058447,1.0,1.0
0.33498582,1.0,2.0
1.8944999,1.0,2.0
0.28538716,1.0,1.0
2.1192625,1.0,1.0
0.9379785,1.0,1.0
2.5973475,1.0,2.0
0.952614,1.0,2.0
2.465228,1.0,2.0
-0.08880294,1.0,2.0
2.4641926,1.0,2.0
2.513933,1.0,1.0
1.8550838,1.0,2.0
2.0833976,1.0,2.0
0.0563103,1.0,2.0
2.4433239,1.0,2.0
1.4050679,1.0,2.0
2.9194474,1.0,2.0
-0.105882086,1.0,2.0
1.4369044,1.0,1.0
1.8111712,1.0,1.0
2.229123,1.0,2.0
1.113605,1.0,2.0
1.7943358,1.0,2.0
2.7103846,1.0,2.0
1.1825962,1.0,2.0
1.309598,1.0,2.0
1.0937796,1.0,1.0
0.88152766,1.0,1.0
0.08253841,1.0,1.0
-0.28061065,1.0,2.0
0.031469014,1.0,2.0
1.2088945,1.0,2.0
2.8389304,1.0,2.0
2.3620224,1.0,2.0
2.9808533,1.0,2.0
0.81122637,1.0,1.0
2.614588,1.0,2.0
0.3845206,1.0,1.0
1.6827245,1.0,2.0
2.38783,1.0,2.0
2.300406,1.0,2.0
2.9952528,1.0,2.0
2.8097703,1.0,1.0
2.759695,1.0,2.0
-0.060083184,1.0,2.0
1.9573109,1.0,2.0
2.850547,1.0,1.0
2.9956052,1.0,2.0
2.4942899,1.0,2.0
2.4248931,1.0,1.0
1.9821465,1.0,1.0
2.7267742,1.0,2.0
2.7630744,1.0,2.0
2.6373186,1.0,2.0
-0.6839405,1.0,2.0
2.8461013,1.0,2.0
1.8118414,1.0,2.0
2.2955184,1.0,1.0
1.9962633,1.0,2.0
1.4201825,1.0,1.0
2.8723068,1.0,1.0
2.0123682,1.0,1.0
0.96580064,1.0,1.0
1.8374399,1.0,1.0
0.05606511,1.0,1.0
2.6084883,1.0,2.0
0.1623049,1.0,1.0
2.0042002,1.0,2.0
0.9902088,1.0,1.0
0.39293176,1.0,2.0
2.9141974,1.0,2.0
2.191797,1.0,2.0
2.4009771,1.0,2.0
1.1588941,1.0,2.0
1.6200726,1.0,2.0
1.3983479,1.0,2.0
1.9089959,1.0,2.0
1.8774726,1.0,1.0
2.9022043,1.0,1.0
1.8082528,1.0,2.0
0.8245778,1.0,2.0
-0.33653063,1.0,1.0
2.312356,1.0,1.0
1.8138041,1.0,2.0
1.4064476,1.0,1.0
1.866202,1.0,2.0
2.6307943,1.0,2.0
1.5219061,1.0,1.0
2.1217868,1.0,2.0
2.2029004,1.0,2.0
0.5442458,1.0,2.0
1.8928121,1.0,2.0
2.6805573,1.0,2.0
1.3942794,1.0,2.0
1.717386,1.0,1.0
2.9362645,1.0,2.0
2.9743397,1.0,1.0
2.9709244,1.0,1.0
2.925114,1.0,2.0
2.5610652,1.0,2.0
2.0506768,1.0,2.0
2.983705,1.0,2.0
2.608846,1.0,1.0
2.3463466,1.0,1.0
2.4520698,1.0,2.0
2.185582,1.0,2.0
2.852557,1.0,2.0
2.6082456,1.0,2.0
1.7371204,1.0,1.0
1.7247452,1.0,2.0
2.7461233,1.0,2.0
1.5281941,1.0,2.0
0.8995822,1.0,2.0
1.8025109,1.0,2.0
1.5803386,1.0,1.0
2.6396992,1.0,2.0
2.4609604,1.0,1.0
2.6169188,1.0,1.0
1.8696392,1.0,2.0
2.8835306,1.0,2.0
1.83978,1.0,1.0
1.0366502,1.0,2.0
0.26754227,1.0,2.0
1.5676177,1.0,1.0
1.7634517,1.0,1.0
0.53583425,1.0,2.0
1.62066,1.0,2.0
2.2077339,1.0,1.0
1.1071606,1.0,2.0
1.6662418,1.0,1.0
1.0815755,1.0,1.0
1.769267,1.0,1.0
1.6982963,1.0,1.0
2.918567,1.0,2.0
2.9166403,1.0,1.0
2.2987242,1.0,1.0
2.5776465,1.0,1.0
2.952736,1.0,1.0
2.8794205,1.0,2.0
1.6628978,1.0,1.0
0.25082842,1.0,1.0
1.4288826,1.0,2.0
1.4944673,1.0,2.0
2.442154,1.0,1.0
-0.23546281,1.0,2.0
2.8404644,1.0,2.0
2.3942811,1.0,1.0
2.774061,1.0,2.0
2.2671223,1.0,2.0
1.1471404,1.0,1.0
2.180827,1.0,1.0
2.1528254,1.0,2.0
2.379521,1.0,2.0
1.3165241,1.0,2.0
2.8142607,1.0,1.0
2.5055473,1.0,2.0
1.478009,1.0,2.0
2.9480643,1.0,1.0
1.7029229,1.0,2.0
1.5644598,1.0,2.0
1.4971591,1.0,2.0
2.7535026,1.0,1.0
2.7116208,1.0,2.0
0.036530413,1.0,1.0
2.358372,1.0,1.0
2.7789154,1.0,2.0
-0.5480291,1.0,1.0
2.7603476,1.0,2.0
-0.3604798,1.0,2.0
1.9949609,1.0,1.0
2.139397,1.0,1.0
2.4885356,1.0,2.0
0.8894672,1.0,1.0
2.9020889,1.0,2.0
2.5877101,1.0,1.0
1.9148338,1.0,2.0
2.9003403,1.0,2.0
1.8154377,1.0,2.0
2.3170676,1.0,2.0
2.3806767,1.0,2.0
1.7698761,1.0,2.0
1.4877111,1.0,2.0
1.2107749,1.0,2.0
2.633463,1.0,1.0
2.3167574,1.0,2.0
1.5844218,1.0,1.0
2.5555868,1.0,2.0
2.028798,1.0,1.0
2.227812,1.0,2.0
2.7043955,1.0,2.0
1.8928065,1.0,2.0
2.9504573,1.0,2.0
0.42310065,1.0,2.0
-0.14631112,1.0,2.0
2.0337236,1.0,1.0
1.7540193,1.0,1.0
2.984373,1.0,1.0
2.8246858,1.0,1.0
2.3001058,1.0,2.0
2.9737973,1.0,1.0
1.4687421,1.0,2.0
2.6637688,1.0,2.0
0.05377675,1.0,1.0
-0.061923843,1.0,2.0
1.1475742,1.0,1.0
2.513263,1.0,2.0
1.4547905,1.0,2.0
1.7678981,1.0,1.0
1.7480143,1.0,1.0
2.6954107,1.0,1.0
1.3668659,1.0,2.0
0.09423542,1.0,2.0
2.709399,1.0,1.0
2.1163597,1.0,2.0
2.9934947,1.0,1.0
2.3862965,1.0,1.0
2.4662867,1.0,1.0
2.2005,1.0,2.0
1.8823347,1.0,2.0
2.4152696,1.0,1.0
2.9334638,1.0,1.0
0.5942843,1.0,2.0
2.9100194,1.0,2.0
2.080457,1.0,2.0
2.6368856,1.0,1.0
1.6994033,1.0,1.0
2.3750334,1.0,2.0
2.5161,1.0,1.0
-0.07120676,1.0,2.0
2.5760942,1.0,1.0
2.0329664,1.0,1.0
1.465746,1.0,2.0
0.90440565,1.0,1.0
2.2243268,1.0,2.0
2.3021507,1.0,1.0
0.5885874,1.0,1.0
2.7680278,1.0,2.0
2.7613618,1.0,2.0
1.799146,1.0,1.0
2.9585667,1.0,1.0
-0.18300936,1.0,2.0
2.5281613,1.0,2.0
2.82621,1.0,2.0
2.666795,1.0,1.0
2.3228168,1.0,1.0
0.8413029,1.0,1.0
1.7641171,1.0,1.0
2.1765122,1.0,2.0
2.530368,1.0,1.0
2.5003893,1.0,1.0
1.3792363,1.0,2.0
2.0781417,1.0,2.0
2.5089228,1.0,1.0
1.7930652,1.0,1.0
2.2416642,1.0,2.0
1.2916136,1.0,2.0
2.6630056,1.0,2.0
2.2693129,1.0,1.0
1.4440602,1.0,2.0
1.6126262,1.0,2.0
0.6450528,1.0,1.0
1.7397062,1.0,2.0
1.1618356,1.0,1.0
1.9394515,1.0,2.0
0.044894397,1.0,1.0
2.4991877,1.0,2.0
0.25129136,1.0,2.0
2.760026,1.0,2.0
0.85641694,1.0,2.0
1.3626871,1.0,1.0
1.6244508,1.0,2.0
2.846889,1.0,1.0
2.0708845,1.0,1.0
0.4861885,1.0,2.0
1.4623241,1.0,1.0
1.032465,1.0,1.0
0.74811554,1.0,2.0
0.008188126,1.0,2.0
2.9155688,1.0,1.0
2.6397176,1.0,2.0
2.1534963,1.0,2.0
2.832772,1.0,2.0
2.4018433,1.0,1.0
2.9793468,1.0,2.0
-0.6091873,1.0,2.0
2.6361518,1.0,1.0
2.4526696,1.0,2.0
1.5843003,1.0,2.0
0.48673803,1.0,1.0
0.25493953,1.0,2.0
1.5473533,1.0,1.0
1.065186,1.0,2.0
-0.013141225,1.0,1.0
2.5198815,1.0,1.0
2.595631,1.0,1.0
2.0360582,1.0,2.0
1.932062,1.0,2.0
2.5504072,1.0,2.0
0.64600897,1.0,1.0
2.9121552,1.0,2.0
-0.09706727,1.0,1.0
0.93006974,1.0,2.0
1.9068975,1.0,1.0
0.32654816,1.0,1.0
0.9334923,1.0,2.0
2.9719744,1.0,1.0
1.2089429,1.0,1.0
2.1522985,1.0,2.0
1.7909952,1.0,1.0
2.903785,1.0,2.0
1.9760934,1.0,2.0
2.0298555,1.0,1.0
2.0136437,1.0,2.0
-0.057279263,1.0,1.0
2.842672,1.0,2.0
0.54418695,1.0,2.0
1.4873097,1.0,1.0
-0.0633705,1.0,1.0
2.9749238,1.0,1.0
1.0669148,1.0,2.0
1.6358538,1.0,1.0
2.5467794,1.0,2.0
2.6252007,1.0,2.0
1.2596334,1.0,2.0
0.06324441,1.0,1.0
1.8945084,1.0,1.0
1.5983626,1.0,1.0
2.5422037,1.0,2.0
2.2559743,1.0,1.0
1.3685791,1.0,2.0
0.58618885,1.0,1.0
2.7795885,1.0,2.0
-0.05724742,1.0,2.0
2.825202,1.0,2.0
1.7980015,1.0,1.0
2.864971,1.0,1.0
2.4519563,1.0,1.0
1.7166901,1.0,1.0
1.9523476,1.0,2.0
0.63123256,1.0,2.0
2.2788544,1.0,1.0
2.3525336,1.0,2.0
2.5825377,1.0,1.0
2.9050725,1.0,2.0
2.0379817,1.0,2.0
2.849486,1.0,2.0
1.478772,1.0,1.0
2.176568,1.0,1.0
2.6054,1.0,1.0
1.5664304,1.0,2.0
0.89642596,1.0,2.0
2.826095,1.0,2.0
2.6068108,1.0,2.0
1.5954586,1.0,2.0
1.0201315,1.0,2.0
-0.38493294,1.0,1.0
2.8570137,1.0,2.0
-0.2118779,1.0,2.0
2.5533178,1.0,1.0
2.200226,1.0,2.0
1.597467,1.0,2.0
2.0355902,1.0,2.0
2.246331,1.0,2.0
2.4650145,1.0,2.0
2.1821628,1.0,1.0
2.645894,1.0,1.0
2.01686,1.0,2.0
0.29593408,1.0,1.0
2.7341273,1.0,2.0
1.4598063,1.0,2.0
2.7577286,1.0,1.0
1.0277514,1.0,2.0
0.39727163,1.0,2.0
2.8248656,1.0,2.0
2.0877762,1.0,1.0
2.358589,1.0,1.0
2.3113732,1.0,1.0
0.83210963,1.0,2.0
2.1735,1.0,2.0
2.8036554,1.0,1.0
0.47702533,1.0,1.0
0.119109355,1.0,1.0
2.5282466,1.0,1.0
2.4346254,1.0,1.0
2.9673343,1.0,2.0
0.47036147,1.0,2.0
1.8544943,1.0,1.0
1.9243705,1.0,1.0
1.6232945,1.0,1.0
2.952124,1.0,2.0
2.6611376,1.0,2.0
-0.16778658,1.0,2.0
2.0643468,1.0,1.0
2.6909516,1.0,2.0
2.0045269,1.0,2.0
1.5313456,1.0,1.0
1.03935,1.0,1.0
1.6251981,1.0,2.0
2.0977886,1.0,2.0
0.2794314,1.0,1.0
2.2946079,1.0,1.0
1.9471655,1.0,2.0
2.0713022,1.0,2.0
2.2322254,1.0,2.0
2.4298894,1.0,1.0
0.89471537,1.0,1.0
2.5456069,1.0,1.0
0.053789496,1.0,2.0
2.6180527,1.0,2.0
1.8661346,1.0,2.0
2.3173919,1.0,2.0
1.0417677,1.0,2.0
-0.0209767,1.0,2.0
0.85602254,1.0,2.0
2.9037714,1.0,1.0
2.5513003,1.0,1.0
0.57557553,1.0,2.0
2.8608718,1.0,1.0
0.18761034,1.0,1.0
0.98125696,1.0,1.0
1.2665502,1.0,1.0
0.8721179,1.0,2.0
0.062876835,1.0,2.0
1.2870669,1.0,2.0
1.246335,1.0,2.0
2.6696386,1.0,1.0
2.821544,1.0,1.0
1.8263493,1.0,1.0
2.4975173,1.0,2.0
-0.22712557,1.0,1.0
1.2345177,1.0,2.0
1.7917157,1.0,2.0
2.0890307,1.0,1.0
2.1607788,1.0,2.0
2.6973634,1.0,1.0
2.1382954,1.0,2.0
1.8779032,1.0,2.0
1.1446081,1.0,1.0
1.7354188,1.0,1.0
2.6334028,1.0,1.0
1.8142244,1.0,1.0
2.7478266,1.0,1.0
-0.4305663,1.0,2.0
2.4142256,1.0,2.0
0.75484186,1.0,2.0
2.4742403,1.0,2.0
2.756796,1.0,2.0
2.1394322,1.0,2.0
1.719498,1.0,1.0
1.2139766,1.0,2.0
1.6149896,1.0,2.0
2.5946941,1.0,2.0
2.8564103,1.0,2.0
1.8069544,1.0,1.0
2.403781,1.0,1.0
2.8611393,1.0,1.0
0.64116216,1.0,2.0
0.7425442,1.0,2.0
1.5840604,1.0,1.0
1.5905315,1.0,2.0
0.96936077,1.0,2.0
2.1813653,1.0,2.0
2.6993718,1.0,2.0
1.2004974,1.0,2.0
2.0758111,1.0,1.0
2.4800909,1.0,1.0
2.659026,1.0,1.0
2.1346915,1.0,2.0
2.8464816,1.0,1.0
1.9601077,1.0,2.0
2.7349133,1.0,2.0
1.947119,1.0,2.0
2.2229033,1.0,2.0
1.9973048,1.0,1.0
2.2880144,1.0,1.0
1.1741102,1.0,2.0
2.5489361,1.0,1.0
1.1260188,1.0,1.0
2.3376174,1.0,2.0
1.8685039,1.0,1.0
0.83047277,1.0,1.0
-0.012968007,1.0,1.0
1.9393185,1.0,1.0
1.1957421,1.0,2.0
2.8451777,1.0,1.0
1.7656529,1.0,2.0
2.9579635,1.0,1.0
-0.28307998,1.0,1.0
0.74029386,1.0,2.0
2.6323657,1.0,2.0
2.69914,1.0,2.0
1.8618665,1.0,1.0
2.873487,1.0,1.0
2.7850585,1.0,2.0
0.45278695,1.0,1.0
1.9460955,1.0,1.0
1.4880296,1.0,2.0
2.8687809,1.0,2.0
1.961626,1.0,2.0
-0.102239214,1.0,2.0
2.917345,1.0,2.0
1.8336395,1.0,2.0
2.5148878,1.0,2.0
2.9525137,1.0,2.0
-0.13068187,1.0,2.0
2.313362,1.0,1.0
2.453566,1.0,2.0
1.3694679,1.0,2.0
0.6631884,1.0,2.0
0.8713168,1.0,1.0
0.71542645,1.0,2.0
1.292941,1.0,1.0
1.8312436,1.0,1.0
1.6932825,1.0,2.0
0.065310776,1.0,1.0
0.8275415,1.0,1.0
2.424929,1.0,2.0
2.6845126,1.0,1.0
2.2171183,1.0,1.0
2.7952154,1.0,2.0
2.359444,1.0,2.0
0.99376124,1.0,2.0
0.9974359,1.0,1.0
1.5841125,1.0,2.0
1.4541262,1.0,2.0
2.9150434,1.0,1.0
0.14713788,1.0,1.0
1.6209477,1.0,2.0
0.9584462,1.0,2.0
1.5633,1.0,2.0
2.2908273,1.0,1.0
1.3252505,1.0,2.0
2.815336,1.0,2.0
1.4815196,1.0,2.0
1.8119748,1.0,2.0
2.5655339,1.0,2.0
1.7420548,1.0,1.0
2.7458985,1.0,1.0
2.0875738,1.0,1.0
2.818131,1.0,1.0
-0.1483582,1.0,2.0
2.2997031,1.0,1.0
1.0501902,1.0,2.0
2.7534678,1.0,1.0
1.1129789,1.0,2.0
1.4860897,1.0,1.0
2.15523,1.0,2.0
1.448728,1.0,1.0
1.1178294,1.0,2.0
0.8002635,1.0,2.0
2.252782,1.0,2.0
2.1922278,1.0,1.0
1.3106256,1.0,1.0
1.4439405,1.0,2.0
2.9563758,1.0,1.0
2.8138638,1.0,1.0
1.3450854,1.0,2.0
2.835594,1.0,1.0
2.7695384,1.0,1.0
2.2259493,1.0,2.0
2.9050825,1.0,1.0
2.9104493,1.0,1.0
2.7651825,1.0,2.0
2.8864481,1.0,1.0
1.8348957,1.0,2.0
0.9360835,1.0,2.0
2.9323592,1.0,1.0
2.452976,1.0,2.0
2.3550475,1.0,1.0
1.5171604,1.0,1.0
1.6022338,1.0,2.0
1.6538844,1.0,2.0
1.2349724,1.0,2.0
2.2534118,1.0,1.0
1.6828995,1.0,1.0
1.9213635,1.0,1.0
2.2469916,1.0,1.0
1.1448544,1.0,1.0
1.6951133,1.0,1.0
2.5788374,1.0,2.0
2.835626,1.0,1.0
2.0109098,1.0,2.0
2.5524638,1.0,1.0
1.6980255,1.0,2.0
2.4141543,1.0,1.0
2.7061043,1.0,2.0
1.7087686,1.0,1.0
2.1105995,1.0,2.0
2.8183086,1.0,1.0
2.5832312,1.0,1.0
2.7006075,1.0,2.0
0.8945705,1.0,2.0
2.7762735,1.0,2.0
1.2846705,1.0,2.0
2.3086686,1.0,2.0
0.95762,1.0,1.0
0.4027472,1.0,1.0
2.9773417,1.0,2.0
1.815205,1.0,1.0
1.1683375,1.0,2.0
1.4478575,1.0,2.0
2.1204379,1.0,2.0
1.0181288,1.0,2.0
2.5805106,1.0,1.0
1.7019993,1.0,1.0
0.22839051,1.0,2.0
1.8770008,1.0,1.0
2.097039,1.0,2.0
2.921878,1.0,2.0
2.2714314,1.0,2.0
1.9235004,1.0,1.0
1.8247288,1.0,2.0
2.800775,1.0,1.0
1.6310104,1.0,2.0
2.8339484,1.0,1.0
2.8147993,1.0,1.0
2.4780583,1.0,2.0
2.7325292,1.0,1.0
2.3669348,1.0,2.0
2.8770497,1.0,2.0
1.7327987,1.0,2.0
2.2212527,1.0,2.0
2.7292366,1.0,2.0
2.069992,1.0,2.0
1.5694423,1.0,2.0
2.8477955,1.0,2.0
2.7373044,1.0,1.0
2.7019465,1.0,2.0
0.0846206,1.0,2.0
1.5685254,1.0,1.0
1.7205931,1.0,1.0
2.7816477,1.0,2.0
2.3041801,1.0,2.0
2.5910592,1.0,2.0
2.0284321,1.0,1.0
0.13429056,1.0,2.0
1.2365928,1.0,2.0
2.9635582,1.0,2.0
2.0993314,1.0,1.0
2.3086994,1.0,1.0
2.4548535,1.0,2.0
2.3375995,1.0,1.0
1.15331,1.0,2.0
2.1572702,1.0,1.0
2.9178662,1.0,2.0
1.9203744,1.0,1.0
2.5176208,1.0,1.0
2.0492358,1.0,2.0
2.1025472,1.0,2.0
0.41305053,1.0,1.0
2.7162657,1.0,1.0
2.5409946,1.0,2.0
1.0837461,1.0,1.0
2.85272,1.0,2.0
2.2171066,1.0,1.0
2.971279,1.0,2.0
1.3631159,1.0,1.0
2.7613187,1.0,2.0
2.0286336,1.0,2.0
0.8644728,1.0,1.0
0.22849533,1.0,2.0
1.9202332,1.0,1.0
2.2409914,1.0,1.0
2.2572165,1.0,1.0
1.79293,1.0,2.0
-0.4192576,1.0,2.0
1.6543732,1.0,1.0
2.9418304,1.0,1.0
2.396191,1.0,2.0
1.2200353,1.0,1.0
0.3820058,1.0,2.0
0.86196065,1.0,2.0
1.8141738,1.0,1.0
2.0380883,1.0,2.0
0.029928733,1.0,2.0
2.5824807,1.0,2.0
2.3586617,1.0,1.0
2.2516472,1.0,1.0
1.9866474,1.0,1.0
0.24279806,1.0,1.0
2.7092075,1.0,2.0
2.0958574,1.0,1.0
0.46718922,1.0,2.0
2.6848984,1.0,2.0
2.7855403,1.0,2.0
2.6730142,1.0,2.0
2.9870853,1.0,1.0
2.1806755,1.0,1.0
2.976182,1.0,1.0
1.2331411,1.0,2.0
1.753065,1.0,1.0
2.184434,1.0,1.0
2.6458619,1.0,1.0
1.505229,1.0,1.0
2.7831197,1.0,1.0
2.3716326,1.0,2.0
1.2835181,1.0,2.0
1.7983637,1.0,1.0
2.8004358,1.0,1.0
2.6961768,1.0,2.0
-1.2911186,1.0,1.0
1.9860982,1.0,2.0
2.7663708,1.0,2.0
2.4622755,1.0,2.0
2.6790965,1.0,2.0
2.9423578,1.0,2.0
1.7595013,1.0,2.0
2.3622565,1.0,2.0
2.8167057,1.0,1.0
0.92979175,1.0,2.0
2.4136858,1.0,1.0
1.4465882,1.0,2.0
2.6216056,1.0,1.0
2.8695998,1.0,2.0
2.2435248,1.0,2.0
0.24936394,1.0,1.0
2.2072635,1.0,2.0
1.9995679,1.0,2.0
2.6576595,1.0,2.0
1.6062026,1.0,2.0
2.8150396,1.0,2.0
2.5912943,1.0,2.0
2.6297545,1.0,1.0
1.9766763,1.0,2.0
2.954391,1.0,1.0
2.6398568,1.0,1.0
2.5707724,1.0,2.0
2.8189292,1.0,1.0
2.072171,1.0,1.0
2.9758935,1.0,1.0
2.8555467,1.0,2.0
1.1922159,1.0,2.0
2.4984527,1.0,2.0
2.0826843,1.0,2.0
1.6595856,1.0,2.0
0.33115932,1.0,2.0
1.6327914,1.0,2.0
0.66494924,1.0,2.0
0.91394705,1.0,1.0
2.9594414,1.0,1.0
2.0237646,1.0,1.0
2.9026544,1.0,1.0
0.8751082,1.0,1.0
2.0648751,1.0,2.0
2.788855,1.0,2.0
1.7053659,1.0,2.0
2.7152913,1.0,1.0
1.918334,1.0,2.0
1.4129251,1.0,2.0
2.3906548,1.0,2.0
-0.2114695,1.0,1.0
0.9190203,1.0,1.0
1.6135589,1.0,1.0
2.8839948,1.0,2.0
1.844174,1.0,1.0
1.9356488,1.0,2.0
0.39383462,1.0,2.0
1.7265474,1.0,2.0
1.2442368,1.0,2.0
2.966786,1.0,2.0
2.7377613,1.0,2.0
2.1702318,1.0,2.0
-0.4905338,1.0,2.0
-0.65725666,1.0,1.0
1.3899415,1.0,1.0
1.7338938,1.0,1.0
2.5500078,1.0,2.0
-1.2922603,1.0,2.0
1.963876,1.0,1.0
1.2064537,1.0,1.0
2.3720226,1.0,1.0
2.543231,1.0,2.0
2.9455838,1.0,1.0
2.9981995,1.0,2.0
2.0116997,1.0,1.0
0.6492267,1.0,2.0
2.5517547,1.0,1.0
2.3501647,1.0,2.0
2.861225,1.0,1.0
2.8346922,1.0,2.0
0.7602227,1.0,1.0
1.8364468,1.0,2.0
-0.27360776,1.0,1.0
1.7176422,1.0,1.0
-0.22488762,1.0,1.0
2.883315,1.0,2.0
0.29503146,1.0,1.0
2.052308,1.0,2.0
0.6742456,1.0,2.0
1.5154525,1.0,2.0
1.5933661,1.0,1.0
2.1859624,1.0,1.0
1.887874,1.0,1.0
1.855967,1.0,2.0
2.5583246,1.0,2.0
1.4054023,1.0,2.0
2.2769718,1.0,1.0
2.9474885,1.0,1.0
2.5452297,1.0,2.0
1.4600592,1.0,2.0
1.1158398,1.0,1.0
1.9326553,1.0,1.0
1.8856598,1.0,2.0
-0.09073396,1.0,1.0
1.5201291,1.0,2.0
1.426333,1.0,2.0
2.0160956,1.0,1.0
0.33201292,1.0,1.0
2.9645448,1.0,1.0
2.8106134,1.0,2.0
2.9705563,1.0,2.0
1.0105791,1.0,2.0
2.4612596,1.0,2.0
2.8559961,1.0,2.0
2.1328046,1.0,2.0
1.8819847,1.0,2.0
1.393494,1.0,1.0
1.9498001,1.0,2.0
1.4388863,1.0,1.0
2.8541129,1.0,1.0
2.2488933,1.0,2.0
-0.46278104,1.0,2.0
1.9864372,1.0,2.0
1.9764495,1.0,2.0
1.196568,1.0,1.0
1.6430068,1.0,2.0
2.2142587,1.0,1.0
2.6056283,1.0,1.0
2.4253278,1.0,2.0
2.4543853,1.0,1.0
0.093034066,1.0,2.0
2.6840222,1.0,2.0
2.455748,1.0,2.0
2.8084035,1.0,1.0
0.8787443,1.0,1.0
1.7340194,1.0,1.0
2.751623,1.0,2.0
1.8834039,1.0,2.0
2.540027,1.0,2.0
-0.02646537,1.0,2.0
1.9500151,1.0,2.0
1.603582,1.0,2.0
2.070457,1.0,2.0
2.5764709,1.0,1.0
2.0279293,1.0,1.0
1.9679437,1.0,1.0
2.5905302,1.0,2.0
0.81336004,1.0,2.0
2.7888985,1.0,2.0
2.1684046,1.0,1.0
0.7852269,1.0,1.0
2.0297613,1.0,2.0
1.3368883,1.0,2.0
1.9306946,1.0,1.0
2.1525903,1.0,1.0
2.4032445,1.0,1.0
2.139367,1.0,2.0
0.2646322,1.0,1.0
1.9568775,1.0,1.0
1.9147125,1.0,2.0
2.4417906,1.0,1.0
2.5278733,1.0,2.0
0.9996797,1.0,2.0
2.1132689,1.0,2.0
1.1027775,1.0,2.0
2.593491,1.0,1.0
-0.06598331,1.0,2.0
1.4402858,1.0,1.0
2.1713998,1.0,1.0
0.20393305,1.0,1.0
2.807014,1.0,2.0
2.556239,1.0,2.0
1.0830684,1.0,1.0
1.7234687,1.0,2.0
-0.18159471,1.0,1.0
1.6888756,1.0,2.0
1.2012469,1.0,2.0
2.1808383,1.0,1.0
2.542153,1.0,2.0
2.7811887,1.0,2.0
2.9956899,1.0,2.0
0.5838298,1.0,2.0
2.0126143,1.0,2.0
1.9712654,1.0,2.0
2.0451334,1.0,1.0
1.7710943,1.0,2.0
2.7471797,1.0,2.0
1.519576,1.0,1.0
2.5772388,1.0,2.0
2.8018963,1.0,1.0
1.6183925,1.0,1.0
2.3633223,1.0,1.0
1.1554399,1.0,2.0
1.9215422,1.0,2.0
2.7401202,1.0,2.0
1.6080165,1.0,2.0
2.6682103,1.0,1.0
0.011826749,1.0,1.0
1.2885207,1.0,2.0
2.3581312,1.0,2.0
2.1880562,1.0,2.0
0.5377905,1.0,2.0
0.025014635,1.0,1.0
2.4425077,1.0,2.0
-0.0481502,1.0,1.0
2.0304465,1.0,2.0
0.6397418,1.0,2.0
2.0308845,1.0,2.0
1.7928654,1.0,2.0
1.8273177,1.0,2.0
2.764193,1.0,2.0
2.9692805,1.0,2.0
0.8173887,1.0,2.0
1.8524373,1.0,1.0
1.797413,1.0,2.0
1.5251727,1.0,2.0
2.260107,1.0,2.0
2.0440152,1.0,2.0
1.9793956,1.0,1.0
0.97165734,1.0,2.0
2.4779243,1.0,1.0
0.17335394,1.0,1.0
1.7471644,1.0,1.0
2.4590116,1.0,1.0
1.4265928,1.0,1.0
2.3045819,1.0,2.0
0.77316594,1.0,2.0
0.395999,1.0,2.0
0.7196064,1.0,1.0
1.7502297,1.0,1.0
1.6001793,1.0,2.0
1.6508288,1.0,2.0
1.6158869,1.0,2.0
0.31315935,1.0,2.0
2.1836708,1.0,2.0
2.0383499,1.0,1.0
2.3556967,1.0,1.0
0.40123445,1.0,1.0
1.8519932,1.0,2.0
0.33302498,1.0,2.0
0.91754854,1.0,2.0
1.8387963,1.0,2.0
1.2574146,1.0,1.0
1.6434938,1.0,2.0
2.3207884,1.0,1.0
0.14607127,1.0,2.0
0.3514643,1.0,2.0
2.8399153,1.0,2.0
1.3871197,1.0,2.0
2.59222,1.0,2.0
0.87558043,1.0,2.0
0.022198834,1.0,1.0
1.9211354,1.0,1.0
2.9706059,1.0,2.0
1.9863309,1.0,2.0
2.2690609,1.0,1.0
2.616991,1.0,2.0
2.395383,1.0,1.0
2.1075246,1.0,2.0
1.4120642,1.0,1.0
0.796786,1.0,2.0
2.5583746,1.0,1.0
1.7289039,1.0,1.0
1.5912794,1.0,2.0
1.8228097,1.0,2.0
2.389267,1.0,1.0
-0.3894362,1.0,2.0
1.2727324,1.0,1.0
2.7975338,1.0,2.0
2.2308433,1.0,2.0
2.109383,1.0,1.0
2.1693482,1.0,2.0
1.9928719,1.0,2.0
0.4399543,1.0,2.0
0.78315043,1.0,1.0
1.757186,1.0,2.0
2.916997,1.0,1.0
2.6446552,1.0,2.0
2.540399,1.0,1.0
2.6502435,1.0,2.0
1.7408957,1.0,1.0
2.7073514,1.0,2.0
1.1479739,1.0,2.0
2.9659233,1.0,1.0
0.42117387,1.0,2.0
2.275855,1.0,2.0
0.5220829,1.0,1.0
2.2327194,1.0,2.0
-0.00044862455,1.0,1.0
1.8463277,1.0,2.0
0.9803997,1.0,1.0
1.9118615,1.0,2.0
2.1390884,1.0,1.0
-0.40416342,1.0,2.0
2.867724,1.0,1.0
2.94954,1.0,2.0
1.4781287,1.0,2.0
2.1493857,1.0,2.0
2.5992937,1.0,2.0
1.7298183,1.0,2.0
-0.055746276,1.0,2.0
2.7319725,1.0,1.0
1.2540245,1.0,2.0
2.7240903,1.0,2.0
2.4567862,1.0,1.0
2.505117,1.0,2.0
0.9198606,1.0,1.0
2.1848605,1.0,2.0
2.0499983,1.0,2.0
2.304156,1.0,2.0
1.1413141,1.0,1.0
1.3438498,1.0,2.0
2.2580702,1.0,1.0
1.6514907,1.0,2.0
0.18621516,1.0,2.0
1.7407105,1.0,2.0
-0.071312085,1.0,1.0
2.8110113,1.0,2.0
1.0023474,1.0,1.0
0.18606292,1.0,1.0
1.5260534,1.0,2.0
2.535688,1.0,2.0
-0.40488648,1.0,1.0
2.4305685,1.0,1.0
2.7217407,1.0,2.0
2.358796,1.0,1.0
2.560127,1.0,2.0
0.90417534,1.0,1.0
2.784147,1.0,1.0
1.7462419,1.0,2.0
1.5278466,1.0,2.0
2.3299875,1.0,2.0
2.7332973,1.0,2.0
2.4070876,1.0,2.0
2.102241,1.0,1.0
2.2902343,1.0,1.0
1.8937387,1.0,2.0
2.2592883,1.0,1.0
0.9642407,1.0,1.0
1.1398968,1.0,1.0
0.999106,1.0,1.0
2.4855046,1.0,1.0
2.9301112,1.0,2.0
2.9045393,1.0,1.0
2.190538,1.0,2.0
1.6954677,1.0,1.0
2.4087842,1.0,2.0
2.249121,1.0,2.0
2.236884,1.0,2.0
0.14134805,1.0,2.0
1.9842833,1.0,2.0
2.1573012,1.0,2.0
2.9783626,1.0,1.0
2.0106788,1.0,1.0
2.4326398,1.0,1.0
0.4182018,1.0,2.0
0.44910806,1.0,1.0
1.9728554,1.0,2.0
1.4123018,1.0,2.0
2.3475142,1.0,1.0
1.5306745,1.0,2.0
1.1578978,1.0,2.0
1.6279925,1.0,1.0
2.4748976,1.0,2.0
2.9540722,1.0,1.0
1.9850336,1.0,1.0
1.4925561,1.0,2.0
1.6807948,1.0,1.0
1.3247837,1.0,2.0
1.9708574,1.0,1.0
0.038478047,1.0,2.0
2.298876,1.0,2.0
2.2526717,1.0,1.0
2.812007,1.0,1.0
2.5485828,1.0,1.0
0.63658166,1.0,1.0
1.8340372,1.0,2.0
0.92103237,1.0,1.0
0.61748785,1.0,2.0
-0.10347844,1.0,2.0
1.8130811,1.0,1.0
2.9287605,1.0,1.0
2.9668832,1.0,1.0
0.6550613,1.0,2.0
2.5884614,1.0,2.0
2.3929586,1.0,2.0
0.925414,1.0,1.0
0.97359365,1.0,2.0
2.959642,1.0,1.0
2.7854927,1.0,2.0
0.06848148,1.0,1.0
0.028276697,1.0,2.0
1.293787,1.0,2.0
0.637562,1.0,1.0
1.6809511,1.0,1.0
1.2936642,1.0,2.0
2.8264837,1.0,1.0
2.9770687,1.0,2.0
1.8501049,1.0,2.0
2.3609385,1.0,1.0
2.0387852,1.0,1.0
0.035865515,1.0,1.0
1.940232,1.0,1.0
2.5848005,1.0,2.0
0.8846167,1.0,1.0
1.9476148,1.0,1.0
1.4640864,1.0,2.0
1.191715,1.0,1.0
2.7011209,1.0,2.0
2.031087,1.0,1.0
2.8717146,1.0,2.0
1.3804156,1.0,2.0
2.883215,1.0,1.0
-0.2859332,1.0,2.0
0.58415455,1.0,2.0
1.6424793,1.0,1.0
1.567143,1.0,2.0
2.8156216,1.0,2.0
0.3273869,1.0,1.0
2.2666273,1.0,2.0
1.2023013,1.0,2.0
2.9541318,1.0,2.0
2.6508489,1.0,1.0
2.2287712,1.0,1.0
1.5821624,1.0,2.0
2.9106028,1.0,2.0
0.21315086,1.0,1.0
2.3510382,1.0,1.0
2.0636015,1.0,2.0
0.76105285,1.0,2.0
0.93190444,1.0,2.0
2.9729803,1.0,2.0
0.38037917,1.0,2.0
1.1378652,1.0,1.0
0.023296902,1.0,1.0
2.2854252,1.0,2.0
0.54340786,1.0,2.0
1.4107718,1.0,2.0
2.860932,1.0,1.0
2.414303,1.0,1.0
1.6815983,1.0,1.0
2.6793356,1.0,1.0
1.5290915,1.0,1.0
1.394811,1.0,1.0
0.587016,1.0,2.0
0.07151761,1.0,1.0
1.888735,1.0,2.0
2.2822928,1.0,1.0
2.9165657,1.0,2.0
1.1923525,1.0,1.0
2.651026,1.0,1.0
0.06592026,1.0,2.0
1.8947802,1.0,1.0
2.4059422,1.0,1.0
2.5950992,1.0,1.0
1.1329023,1.0,2.0
2.1900423,1.0,2.0
0.87341565,1.0,1.0
2.9048736,1.0,2.0
1.7518904,1.0,2.0
2.8117306,1.0,1.0
1.9190332,1.0,2.0
0.6597431,1.0,1.0
1.6646924,1.0,1.0
0.6515535,1.0,1.0
2.8566487,1.0,2.0
2.454005,1.0,1.0
1.9314243,1.0,2.0
1.9347501,1.0,1.0
2.4700902,1.0,2.0
0.066535346,1.0,2.0
1.9116315,1.0,2.0
2.2907765,1.0,2.0
0.47764117,1.0,1.0
2.1148787,1.0,2.0
2.4937537,1.0,1.0
0.553581,1.0,2.0
1.8004909,1.0,2.0
2.5589252,1.0,1.0
2.330028,1.0,2.0
1.8986706,1.0,2.0
2.9386709,1.0,1.0
2.7867908,1.0,2.0
1.5740148,1.0,2.0
2.8983297,1.0,2.0
0.71601295,1.0,1.0
0.7198613,1.0,2.0
1.7707784,1.0,2.0
0.6412212,1.0,2.0
1.8122919,1.0,2.0
2.4790242,1.0,1.0
1.1932844,1.0,2.0
1.5442023,1.0,2.0
0.68397206,1.0,1.0
2.497301,1.0,2.0
2.1798856,1.0,2.0
-0.13507321,1.0,2.0
1.9647359,1.0,1.0
2.534111,1.0,1.0
1.0335082,1.0,1.0
1.5916013,1.0,2.0
2.1622915,1.0,2.0
1.2872607,1.0,2.0
2.8363285,1.0,2.0
1.8815908,1.0,2.0
1.202809,1.0,2.0
2.6010385,1.0,2.0
1.5427127,1.0,2.0
0.55894524,1.0,2.0
2.7261624,1.0,2.0
0.94372237,1.0,2.0
0.5603324,1.0,1.0
2.7802854,1.0,2.0
-0.040889412,1.0,1.0
2.8142264,1.0,1.0
1.8487868,1.0,2.0
1.6992815,1.0,1.0
2.3323855,1.0,2.0
1.1517434,1.0,1.0
0.07791173,1.0,1.0
2.433213,1.0,2.0
1.6574726,1.0,1.0
1.310522,1.0,2.0
1.7107313,1.0,1.0
2.6730309,1.0,2.0
1.8814938,1.0,2.0
2.902427,1.0,2.0
1.6384546,1.0,1.0
2.8201902,1.0,2.0
-0.02266079,1.0,2.0
1.0503868,1.0,2.0
0.14698012,1.0,2.0
1.591637,1.0,2.0
2.1790407,1.0,1.0
2.664038,1.0,2.0
2.0826945,1.0,2.0
1.9403113,1.0,2.0
0.18888675,1.0,1.0
-0.28683895,1.0,1.0
0.63778305,1.0,2.0
2.9679117,1.0,1.0
2.0377185,1.0,2.0
1.6977506,1.0,1.0
2.2206473,1.0,2.0
2.144267,1.0,2.0
2.460578,1.0,2.0
2.7928379,1.0,2.0
0.11205207,1.0,1.0
2.5283291,1.0,1.0
2.739751,1.0,1.0
0.07365198,1.0,1.0
1.6277609,1.0,1.0
2.3515487,1.0,2.0
2.0023818,1.0,1.0
2.6458619,1.0,1.0
2.941101,1.0,1.0
0.1176158,1.0,1.0
2.8449354,1.0,1.0
2.129539,1.0,1.0
0.40790078,1.0,2.0
1.851355,1.0,2.0
2.8813481,1.0,1.0
1.134069,1.0,2.0
2.7534537,1.0,2.0
0.9784376,1.0,2.0
0.6444323,1.0,1.0
1.8621025,1.0,2.0
2.773185,1.0,2.0
0.007372211,1.0,1.0
2.362618,1.0,1.0
2.0828793,1.0,2.0
2.5835621,1.0,2.0
1.5878353,1.0,2.0
0.92411536,1.0,1.0
1.0971227,1.0,2.0
1.3323389,1.0,2.0
0.05896961,1.0,2.0
2.6712592,1.0,1.0
1.7866048,1.0,2.0
0.42951593,1.0,2.0
0.3914106,1.0,1.0
1.971822,1.0,1.0
2.6036158,1.0,1.0
2.5593324,1.0,1.0
1.6779072,1.0,2.0
2.800243,1.0,2.0
2.6956065,1.0,1.0
2.313128,1.0,2.0
2.7257237,1.0,2.0
2.6873488,1.0,1.0
1.8944651,1.0,2.0
1.2588398,1.0,1.0
1.7151215,1.0,2.0
1.6383097,1.0,2.0
0.12010941,1.0,2.0
2.0618284,1.0,2.0
1.1392828,1.0,1.0
-0.9477187,1.0,2.0
2.7993834,1.0,2.0
2.9252424,1.0,2.0
0.45100635,1.0,2.0
2.168975,1.0,2.0
2.4004128,1.0,2.0
1.6956159,1.0,2.0
-0.04826158,1.0,1.0
2.6025283,1.0,2.0
-0.2890615,1.0,2.0
2.948709,1.0,1.0
0.9681076,1.0,1.0
2.6393054,1.0,1.0
2.7889106,1.0,1.0
-0.48737064,1.0,1.0
1.0167621,1.0,1.0
1.896644,1.0,1.0
-0.061790094,1.0,1.0
1.0940492,1.0,2.0
0.24647318,1.0,1.0
2.8832219,1.0,2.0
1.7807335,1.0,2.0
2.9621713,1.0,1.0
2.3760164,1.0,2.0
1.5931984,1.0,2.0
0.7736383,1.0,1.0
0.74930483,1.0,1.0
2.67072,1.0,2.0
1.0880872,1.0,2.0
2.4340873,1.0,1.0
0.27117845,1.0,2.0
2.9614074,1.0,2.0
2.3257048,1.0,2.0
1.8489617,1.0,2.0
0.077322826,1.0,1.0
2.8087046,1.0,1.0
2.8346562,1.0,2.0
2.5047555,1.0,2.0
1.6972876,1.0,1.0
2.9258382,1.0,2.0
2.7409956,1.0,1.0
1.8674588,1.0,1.0
2.2260745,1.0,1.0
1.2597233,1.0,2.0
2.7542634,1.0,2.0
2.6754322,1.0,1.0
1.4703943,1.0,2.0
0.8105637,1.0,2.0
2.4596717,1.0,1.0
1.7324307,1.0,1.0
2.5633388,1.0,2.0
1.5941613,1.0,2.0
1.2835711,1.0,2.0
0.5247579,1.0,2.0
1.1736224,1.0,2.0
1.0778574,1.0,2.0
1.471871,1.0,2.0
2.7855866,1.0,1.0
2.8172665,1.0,2.0
2.113803,1.0,2.0
1.5523227,1.0,2.0
2.1297183,1.0,1.0
2.506428,1.0,1.0
2.648634,1.0,2.0
2.5644536,1.0,2.0
1.7904484,1.0,1.0
1.0105432,1.0,2.0
2.8034616,1.0,1.0
2.524243,1.0,1.0
1.3490145,1.0,1.0
2.1676164,1.0,2.0
1.8718879,1.0,2.0
0.27370417,1.0,2.0
1.5970265,1.0,2.0
1.5456111,1.0,1.0
1.6382598,1.0,2.0
2.6573586,1.0,1.0
2.6323774,1.0,2.0
1.5669243,1.0,2.0
2.309229,1.0,1.0
0.6080023,1.0,2.0
1.6204647,1.0,2.0
1.2011046,1.0,2.0
2.811903,1.0,1.0
2.0017219,1.0,2.0
2.010864,1.0,2.0
2.6644433,1.0,2.0
1.8206285,1.0,1.0
1.601334,1.0,2.0
0.91534954,1.0,1.0
2.1813896,1.0,1.0
2.4701877,1.0,2.0
2.9153554,1.0,2.0
1.4530396,1.0,2.0
2.482848,1.0,1.0
1.8400626,1.0,2.0
2.3885646,1.0,1.0
1.9730682,1.0,1.0
-0.18383078,1.0,2.0
2.093885,1.0,1.0
0.45566642,1.0,1.0
0.23165256,1.0,1.0
2.2449067,1.0,2.0
2.540646,1.0,2.0
0.39490408,1.0,1.0
2.8362737,1.0,2.0
2.858782,1.0,2.0
1.7895769,1.0,1.0
1.645745,1.0,2.0
0.5972291,1.0,2.0
-0.2281112,1.0,2.0
1.4685875,1.0,2.0
1.8302064,1.0,1.0
1.5095984,1.0,2.0
2.8717515,1.0,2.0
0.17830439,1.0,2.0
2.4961038,1.0,2.0
2.4135606,1.0,2.0
2.8070211,1.0,1.0
1.1869918,1.0,2.0
2.2215986,1.0,1.0
2.9278738,1.0,1.0
2.1839185,1.0,1.0
2.8711216,1.0,2.0
2.156359,1.0,2.0
2.6596758,1.0,2.0
1.9911134,1.0,1.0
2.0535564,1.0,2.0
0.33064464,1.0,1.0
0.692224,1.0,2.0
2.8728626,1.0,1.0
2.5940492,1.0,2.0
1.9905235,1.0,2.0
2.6035087,1.0,2.0
1.0197167,1.0,2.0
1.7094957,1.0,2.0
0.42636174,1.0,2.0
2.021291,1.0,1.0
1.3747746,1.0,1.0
2.7206361,1.0,1.0
0.25236976,1.0,2.0
2.7377832,1.0,1.0
1.4060835,1.0,1.0
2.9846728,1.0,1.0
1.909428,1.0,2.0
0.46807495,1.0,1.0
2.76189,1.0,2.0
1.7935077,1.0,1.0
1.7092007,1.0,2.0
0.89110976,1.0,1.0
2.2983198,1.0,2.0
2.141605,1.0,1.0
2.2737508,1.0,2.0
1.386551,1.0,1.0
0.31341904,1.0,1.0
2.8451707,1.0,1.0
2.2871828,1.0,1.0
1.16239,1.0,2.0
1.1629069,1.0,1.0
2.8110852,1.0,2.0
2.7528746,1.0,2.0
2.4720492,1.0,2.0
-1.2250665,1.0,1.0
2.8581011,1.0,2.0
0.64844,1.0,2.0
-0.0063075335,1.0,2.0
-0.012523074,1.0,1.0
2.619487,1.0,1.0
1.5073959,1.0,1.0
0.56301045,1.0,1.0
2.787208,1.0,1.0
0.80910546,1.0,1.0
1.791601,1.0,2.0
2.8269958,1.0,1.0
-0.014306239,1.0,1.0
1.5551177,1.0,2.0
1.3369956,1.0,1.0
0.6999506,1.0,1.0
2.8295577,1.0,1.0
2.4835422,1.0,1.0
2.6269445,1.0,2.0
1.2963041,1.0,2.0
2.780298,1.0,1.0
1.1047461,1.0,2.0
2.9859767,1.0,1.0
2.9826264,1.0,2.0
2.0146568,1.0,2.0
1.4241791,1.0,2.0
0.035427567,1.0,2.0
2.152176,1.0,2.0
-0.033732712,1.0,2.0
1.3157502,1.0,2.0
2.9880457,1.0,2.0
2.349789,1.0,1.0
0.25749668,1.0,1.0
2.7811599,1.0,1.0
0.48811588,1.0,1.0
1.7303756,1.0,2.0
2.9828749,1.0,2.0
2.46813,1.0,1.0
2.1819117,1.0,1.0
0.8614944,1.0,2.0
1.7966522,1.0,2.0
2.649958,1.0,1.0
2.1091998,1.0,2.0
1.3079554,1.0,2.0
2.028497,1.0,1.0
2.6187901,1.0,1.0
1.6325452,1.0,2.0
1.5115124,1.0,2.0
1.9247761,1.0,1.0
-1.2681764,1.0,2.0
2.8298554,1.0,1.0
2.3998537,1.0,1.0
1.904237,1.0,2.0
1.1347619,1.0,2.0
2.2937875,1.0,2.0
0.019738577,1.0,1.0
2.773081,1.0,2.0
0.4030538,1.0,1.0
0.26382953,1.0,2.0
2.3212607,1.0,2.0
0.32240787,1.0,2.0
2.3271475,1.0,2.0
1.385288,1.0,1.0
-0.19520628,1.0,1.0
1.6904074,1.0,2.0
2.8886566,1.0,1.0
2.3720555,1.0,1.0
1.6544015,1.0,2.0
1.9498315,1.0,2.0
2.1427994,1.0,1.0
-0.10460464,1.0,2.0
2.643197,1.0,2.0
0.68709415,1.0,1.0
1.9595832,1.0,1.0
2.3749316,1.0,2.0
2.0469596,1.0,1.0
2.4758244,1.0,1.0
2.3126247,1.0,1.0
-0.17609358,1.0,2.0
1.5451839,1.0,2.0
0.90876913,1.0,1.0
1.695119,1.0,1.0
1.2802826,1.0,2.0
1.6973574,1.0,1.0
2.822121,1.0,2.0
0.9891584,1.0,1.0
1.9844856,1.0,2.0
0.43691838,1.0,2.0
2.0880275,1.0,1.0
-0.08564447,1.0,2.0
2.741998,1.0,2.0
2.306406,1.0,2.0
1.9475172,1.0,1.0
1.8419914,1.0,1.0
2.782713,1.0,2.0
2.649621,1.0,2.0
2.2200103,1.0,2.0
1.2484714,1.0,1.0
0.898874,1.0,2.0
2.7845094,1.0,1.0
1.7355266,1.0,1.0
1.5181863,1.0,1.0
2.214776,1.0,2.0
2.664777,1.0,2.0
2.0146089,1.0,1.0
2.21724,1.0,2.0
2.7114396,1.0,1.0
0.18647917,1.0,1.0
2.8840568,1.0,2.0
0.4769193,1.0,1.0
0.09609984,1.0,1.0
2.9095516,1.0,1.0
2.3279755,1.0,1.0
1.273157,1.0,2.0
2.0396059,1.0,2.0
1.1420289,1.0,1.0
2.2740858,1.0,2.0
2.9405808,1.0,1.0
0.64575434,1.0,2.0
0.7052304,1.0,1.0
1.9881383,1.0,1.0
2.4134488,1.0,1.0
2.751729,1.0,2.0
1.9327713,1.0,2.0
0.27758577,1.0,2.0
0.50590575,1.0,1.0
1.4816563,1.0,1.0
0.1866117,1.0,1.0
2.7651176,1.0,1.0
2.460376,1.0,1.0
2.996906,1.0,2.0
0.27627546,1.0,2.0
2.9641004,1.0,2.0
2.3044336,1.0,1.0
0.86103857,1.0,2.0
1.121087,1.0,1.0
0.1706607,1.0,1.0
2.3361526,1.0,2.0
2.3166633,1.0,1.0
1.6592804,1.0,2.0
-0.025833461,1.0,2.0
2.961151,1.0,2.0
1.9678118,1.0,1.0
1.9058017,1.0,2.0
0.6530126,1.0,1.0
2.5151837,1.0,1.0
1.8200675,1.0,2.0
2.6766996,1.0,2.0
2.963645,1.0,2.0
0.14299002,1.0,2.0
1.7134111,1.0,1.0
2.560745,1.0,1.0
1.294098,1.0,2.0
0.1689748,1.0,2.0
0.39849594,1.0,2.0
0.09522509,1.0,2.0
2.8211877,1.0,1.0
1.4363532,1.0,2.0
2.0034924,1.0,2.0
-1.3363543,1.0,1.0
2.7559848,1.0,1.0
1.8083353,1.0,2.0
2.462691,1.0,2.0
2.7405465,1.0,1.0
2.5809824,1.0,1.0
0.96153367,1.0,2.0
2.632367,1.0,2.0
1.5251665,1.0,1.0
2.9069402,1.0,1.0
2.0110016,1.0,1.0
1.1742795,1.0,2.0
2.0166187,1.0,1.0
1.3187628,1.0,1.0
2.804711,1.0,1.0
1.5759954,1.0,2.0
1.6408985,1.0,2.0
1.2839786,1.0,2.0
1.4971871,1.0,2.0
1.2339872,1.0,1.0
1.206773,1.0,2.0
1.5555316,1.0,2.0
-0.17501229,1.0,1.0
0.18740027,1.0,2.0
0.8004013,1.0,2.0
1.5737156,1.0,2.0
1.4386098,1.0,1.0
1.2872964,1.0,2.0
1.3846483,1.0,1.0
2.3716357,1.0,1.0
0.6459698,1.0,1.0
1.8541234,1.0,2.0
2.5691643,1.0,2.0
1.2003615,1.0,1.0
1.5940198,1.0,2.0
2.7242632,1.0,1.0
2.6149077,1.0,2.0
2.4969368,1.0,2.0
2.3622952,1.0,1.0
2.9789727,1.0,2.0
-0.32640773,1.0,2.0
2.8226814,1.0,1.0
2.6608078,1.0,1.0
1.5073045,1.0,1.0
0.8670786,1.0,1.0
2.7055283,1.0,1.0
0.12960671,1.0,2.0
2.1408212,1.0,1.0
2.9583576,1.0,2.0
2.8073962,1.0,2.0
2.6150932,1.0,2.0
1.1197702,1.0,2.0
1.6893691,1.0,1.0
1.9795374,1.0,1.0
2.0516918,1.0,1.0
2.1725943,1.0,1.0
1.5310822,1.0,2.0
2.142203,1.0,1.0
2.7159472,1.0,1.0
-0.09693528,1.0,1.0
0.6045105,1.0,1.0
-0.0069936668,1.0,2.0
0.29438958,1.0,1.0
2.9652035,1.0,2.0
1.6121848,1.0,1.0
0.11502301,1.0,1.0
2.3173864,1.0,1.0
2.876252,1.0,1.0
1.8747184,1.0,2.0
2.883357,1.0,1.0
2.6986437,1.0,1.0
0.7327039,1.0,1.0
1.7393137,1.0,2.0
0.003404893,1.0,2.0
2.8387532,1.0,2.0
2.6594434,1.0,1.0
1.0396664,1.0,2.0
0.775896,1.0,2.0
1.0698112,1.0,1.0
2.8273668,1.0,2.0
-0.111503966,1.0,1.0
2.6892881,1.0,1.0
1.9615505,1.0,2.0
1.2094281,1.0,1.0
0.9597923,1.0,1.0
2.4692554,1.0,2.0
2.462152,1.0,1.0
2.8764307,1.0,1.0
1.8280022,1.0,1.0
2.7080956,1.0,2.0
2.5946662,1.0,1.0
2.9405384,1.0,1.0
0.9140784,1.0,2.0
2.196157,1.0,2.0
2.948189,1.0,2.0
2.4516768,1.0,2.0
2.919965,1.0,1.0
2.01158,1.0,1.0
2.531094,1.0,1.0
1.7995819,1.0,1.0
1.2030362,1.0,1.0
1.0614191,1.0,2.0
1.6738052,1.0,1.0
2.0987577,1.0,2.0
1.7950709,1.0,1.0
1.5141956,1.0,2.0
1.3224485,1.0,2.0
0.74329567,1.0,2.0
2.2739015,1.0,2.0
1.7660131,1.0,2.0
-0.020137189,1.0,1.0
1.9230647,1.0,1.0
1.3970711,1.0,1.0
2.7823327,1.0,2.0
-0.41337976,1.0,1.0
2.3209014,1.0,2.0
0.81930315,1.0,1.0
1.8909227,1.0,2.0
2.5164697,1.0,1.0
1.7655504,1.0,2.0
1.0375712,1.0,1.0
2.972313,1.0,2.0
2.1529493,1.0,2.0
2.375746,1.0,1.0
2.9016733,1.0,2.0
1.6073794,1.0,2.0
2.042048,1.0,2.0
2.6017804,1.0,1.0
1.9306848,1.0,1.0
2.7365475,1.0,2.0
0.4825207,1.0,1.0
2.5568225,1.0,1.0
2.5045137,1.0,1.0
2.0198832,1.0,1.0
1.8245684,1.0,1.0
2.3383942,1.0,1.0
2.0972748,1.0,1.0
2.9221706,1.0,2.0
2.0100093,1.0,1.0
1.7503073,1.0,2.0
2.805723,1.0,1.0
0.4829404,1.0,2.0
0.13040978,1.0,1.0
2.7820177,1.0,1.0
1.6826771,1.0,1.0
1.472713,1.0,1.0
1.457758,1.0,1.0
2.81086,1.0,2.0
0.17446387,1.0,2.0
2.5894508,1.0,2.0
2.1706328,1.0,2.0
1.9222806,1.0,1.0
1.3399532,1.0,2.0
2.688301,1.0,2.0
2.4484723,1.0,2.0
2.8245566,1.0,2.0
2.6898642,1.0,1.0
2.3115346,1.0,2.0
2.910863,1.0,2.0
1.7545758,1.0,2.0
1.5107101,1.0,2.0
0.8231564,1.0,2.0
1.5777521,1.0,2.0
1.6239237,1.0,1.0
0.83111125,1.0,2.0
0.95977986,1.0,1.0
2.6716292,1.0,2.0
1.3589661,1.0,2.0
1.1128958,1.0,2.0
2.3558395,1.0,2.0
2.0683482,1.0,2.0
-0.023442712,1.0,2.0
1.9006681,1.0,1.0
0.69544005,1.0,1.0
2.0873935,1.0,2.0
2.4865139,1.0,2.0
2.5996044,1.0,2.0
1.5369368,1.0,2.0
1.0636424,1.0,2.0
2.3104212,1.0,1.0
1.1477804,1.0,1.0
0.6743229,1.0,2.0
2.9887562,1.0,2.0
2.5655165,1.0,1.0
2.8520489,1.0,2.0
0.4120368,1.0,1.0
2.544913,1.0,2.0
2.7413135,1.0,2.0
2.1433537,1.0,2.0
2.1047468,1.0,2.0
2.080158,1.0,1.0
1.529177,1.0,1.0
1.6381781,1.0,2.0
2.7512264,1.0,1.0
1.3675579,1.0,2.0
-0.172525,1.0,2.0
1.6311002,1.0,2.0
2.1220436,1.0,2.0
2.0082111,1.0,2.0
2.2093856,1.0,2.0
0.4048204,1.0,2.0
1.2323773,1.0,2.0
0.97864765,1.0,1.0
0.58718944,1.0,2.0
2.1389396,1.0,1.0
2.292541,1.0,2.0
2.272986,1.0,2.0
1.4229113,1.0,2.0
2.0933492,1.0,1.0
1.8964976,1.0,1.0
2.4652698,1.0,2.0
2.2700527,1.0,1.0
0.9954155,1.0,2.0
2.1262918,1.0,2.0
2.4827125,1.0,1.0
2.2791924,1.0,2.0
2.2905014,1.0,2.0
2.5620172,1.0,1.0
2.704447,1.0,1.0
0.70503104,1.0,1.0
1.8843814,1.0,2.0
2.6271675,1.0,1.0
1.8961265,1.0,1.0
2.8892937,1.0,1.0
-0.054167002,1.0,1.0
1.4797245,1.0,1.0
2.904762,1.0,2.0
1.2763698,1.0,1.0
1.3404175,1.0,1.0
2.8591697,1.0,1.0
1.8881334,1.0,1.0
2.8630483,1.0,1.0
2.7163985,1.0,2.0
1.5516021,1.0,2.0
-0.70192736,1.0,1.0
2.7013113,1.0,2.0
2.2786613,1.0,2.0
2.3654563,1.0,2.0
2.7139876,1.0,1.0
2.8580687,1.0,2.0
2.3568482,1.0,1.0
2.0808115,1.0,2.0
2.457823,1.0,1.0
2.3626966,1.0,2.0
2.8827114,1.0,2.0
0.08339408,1.0,1.0
2.561233,1.0,1.0
1.7275763,1.0,1.0
1.5747845,1.0,2.0
2.2885168,1.0,1.0
0.21793625,1.0,1.0
0.14640613,1.0,1.0
2.6971548,1.0,2.0
2.8092935,1.0,1.0
0.008782162,1.0,2.0
2.5528104,1.0,1.0
2.3254054,1.0,1.0
0.057958074,1.0,1.0
0.33978203,1.0,1.0
1.5242255,1.0,1.0
-0.20487966,1.0,2.0
0.47327772,1.0,2.0
1.4806004,1.0,2.0
1.2971566,1.0,2.0
2.3113227,1.0,1.0
2.5127385,1.0,1.0
0.9420726,1.0,2.0
2.1017284,1.0,1.0
1.9944211,1.0,1.0
0.40349802,1.0,1.0
0.80182415,1.0,2.0
1.4464033,1.0,2.0
2.9015098,1.0,1.0
2.2758417,1.0,1.0
2.8431358,1.0,2.0
2.1617904,1.0,2.0
1.438101,1.0,1.0
2.5979025,1.0,2.0
1.4150399,1.0,2.0
2.0253105,1.0,1.0
2.5590475,1.0,1.0
2.5959268,1.0,2.0
1.504982,1.0,1.0
0.757826,1.0,1.0
1.3744078,1.0,1.0
-0.096002765,1.0,2.0
2.9018948,1.0,2.0
0.5305613,1.0,2.0
2.9151306,1.0,1.0
2.3065119,1.0,1.0
1.5923907,1.0,1.0
1.8740711,1.0,1.0
-0.24694619,1.0,2.0
0.32434896,1.0,1.0
1.3253378,1.0,1.0
1.844145,1.0,1.0
1.7993381,1.0,2.0
2.6155047,1.0,2.0
1.983041,1.0,2.0
1.4047824,1.0,2.0
0.6654142,1.0,1.0
1.0521793,1.0,1.0
2.742494,1.0,1.0
2.2164679,1.0,1.0
1.6357923,1.0,2.0
2.7308047,1.0,1.0
2.8461154,1.0,2.0
2.0251286,1.0,1.0
1.4454277,1.0,2.0
1.9806228,1.0,2.0
1.6965653,1.0,2.0
1.1449734,1.0,1.0
1.415088,1.0,2.0
2.8572733,1.0,2.0
0.96817803,1.0,2.0
1.7439013,1.0,1.0
1.1695352,1.0,2.0
2.2895284,1.0,2.0
1.7238003,1.0,1.0
2.0685723,1.0,2.0
2.7271228,1.0,2.0
2.6437745,1.0,2.0
1.9403182,1.0,2.0
-0.11351521,1.0,1.0
1.219787,1.0,1.0
2.3993297,1.0,2.0
2.5549123,1.0,1.0
2.135268,1.0,1.0
2.088165,1.0,2.0
2.5429146,1.0,1.0
1.887348,1.0,2.0
2.7072582,1.0,2.0
1.1839634,1.0,1.0
0.26593205,1.0,2.0
0.74553216,1.0,2.0
0.283824,1.0,2.0
2.9955392,1.0,2.0
1.5647358,1.0,2.0
2.9806588,1.0,2.0
1.556245,1.0,1.0
2.0273874,1.0,2.0
0.7724207,1.0,2.0
2.9970691,1.0,2.0
0.9023277,1.0,2.0
1.6914216,1.0,1.0
-0.24885231,1.0,1.0
2.1085904,1.0,1.0
2.878029,1.0,2.0
2.1099048,1.0,1.0
1.7933455,1.0,2.0
2.0207708,1.0,2.0
1.3897868,1.0,1.0
2.954521,1.0,1.0
0.9550036,1.0,1.0
1.7018497,1.0,2.0
2.0321991,1.0,1.0
2.7587042,1.0,1.0
1.2826759,1.0,1.0
0.0019209032,1.0,1.0
2.8352716,1.0,2.0
2.7305102,1.0,1.0
-0.18055873,1.0,2.0
0.05773812,1.0,1.0
2.5796363,1.0,1.0
0.4219034,1.0,2.0
1.9841987,1.0,1.0
2.1979976,1.0,1.0
1.7645998,1.0,2.0
1.9897997,1.0,2.0
2.5184023,1.0,1.0
0.25699425,1.0,2.0
1.3155367,1.0,2.0
2.0109525,1.0,1.0
2.5844126,1.0,1.0
2.490247,1.0,1.0
2.2383194,1.0,1.0
2.582878,1.0,2.0
-0.2745053,1.0,2.0
2.1088185,1.0,1.0
2.3291693,1.0,1.0
1.6464465,1.0,2.0
2.3097892,1.0,2.0
1.1726483,1.0,2.0
2.5999463,1.0,1.0
2.6362274,1.0,1.0
2.2412112,1.0,1.0
0.33400232,1.0,2.0
2.4015832,1.0,1.0
0.12690695,1.0,1.0
2.0090864,1.0,2.0
2.0073004,1.0,2.0
2.563223,1.0,1.0
1.3306988,1.0,2.0
0.9661423,1.0,1.0
2.78017,1.0,1.0
2.4615788,1.0,1.0
1.7914022,1.0,1.0
2.7447712,1.0,1.0
0.15499905,1.0,1.0
1.4421403,1.0,2.0
0.7419039,1.0,2.0
2.32701,1.0,1.0
1.6647917,1.0,2.0
1.9432291,1.0,1.0
2.7678068,1.0,1.0
2.860848,1.0,1.0
2.698898,1.0,2.0
2.756292,1.0,2.0
2.0474908,1.0,1.0
2.9826505,1.0,2.0
0.9683207,1.0,2.0
1.8039873,1.0,1.0
2.6484766,1.0,2.0
2.1195617,1.0,2.0
1.7982543,1.0,1.0
-0.02775273,1.0,2.0
0.4847271,1.0,1.0
2.2377865,1.0,2.0
1.4299487,1.0,2.0
0.13473587,1.0,1.0
2.3762138,1.0,1.0
2.334313,1.0,2.0
2.5316806,1.0,2.0
1.9527358,1.0,1.0
0.8596877,1.0,2.0
2.4025433,1.0,1.0
2.3126864,1.0,1.0
2.6984138,1.0,1.0
1.8436674,1.0,1.0
2.2492278,1.0,2.0
2.9987886,1.0,2.0
2.8915904,1.0,2.0
2.4423075,1.0,1.0
2.3981154,1.0,2.0
2.5182998,1.0,1.0
1.4416066,1.0,2.0
0.8854239,1.0,2.0
0.69767374,1.0,2.0
1.4552034,1.0,2.0
0.006430164,1.0,2.0
0.5738594,1.0,2.0
0.90576977,1.0,2.0
2.4710484,1.0,2.0
-1.1961819,1.0,1.0
2.9987214,1.0,2.0
-0.06902083,1.0,2.0
-0.042107407,1.0,1.0
2.4346418,1.0,2.0
2.5221405,1.0,1.0
1.4653487,1.0,1.0
1.8609886,1.0,1.0
2.9014132,1.0,1.0
2.847712,1.0,1.0
1.2388188,1.0,1.0
-0.010994379,1.0,2.0
0.0388639,1.0,1.0
2.5629132,1.0,1.0
2.2813158,1.0,2.0
2.1096952,1.0,1.0
0.87762445,1.0,1.0
1.363718,1.0,1.0
2.4750636,1.0,2.0
2.595911,1.0,2.0
2.1855795,1.0,2.0
0.9449861,1.0,1.0
2.753421,1.0,2.0
2.8534641,1.0,1.0
1.0744556,1.0,2.0
2.3831224,1.0,1.0
2.6711752,1.0,2.0
-1.1002728,1.0,2.0
2.726207,1.0,2.0
2.7425668,1.0,1.0
1.1999267,1.0,2.0
1.2884543,1.0,2.0
1.7558503,1.0,2.0
1.422339,1.0,2.0
0.7380126,1.0,2.0
0.9928018,1.0,2.0
2.5314343,1.0,2.0
2.7918317,1.0,2.0
0.788252,1.0,2.0
2.1237693,1.0,1.0
1.0736876,1.0,1.0
2.6986883,1.0,1.0
2.933634,1.0,2.0
2.6950579,1.0,2.0
0.37793696,1.0,1.0
2.257881,1.0,2.0
2.3500304,1.0,2.0
2.206147,1.0,1.0
2.7953968,1.0,2.0
2.3382654,1.0,2.0
2.4642909,1.0,2.0
2.4845815,1.0,2.0
2.0822787,1.0,1.0
2.4361656,1.0,1.0
1.7154483,1.0,2.0
0.11461672,1.0,2.0
2.0620975,1.0,1.0
2.101614,1.0,1.0
0.34389955,1.0,2.0
2.151876,1.0,1.0
2.764295,1.0,2.0
2.7514424,1.0,1.0
2.092301,1.0,2.0
0.7626282,1.0,2.0
2.0465977,1.0,1.0
0.8855794,1.0,1.0
2.4938107,1.0,1.0
2.7484713,1.0,1.0
2.5619476,1.0,1.0
2.99607,1.0,1.0
0.33488935,1.0,2.0
2.7120085,1.0,2.0
2.512277,1.0,1.0
0.72420377,1.0,1.0
1.667925,1.0,1.0
2.3743527,1.0,1.0
1.1522378,1.0,2.0
2.9295242,1.0,2.0
1.6897804,1.0,1.0
1.2562115,1.0,2.0
2.636711,1.0,1.0
1.6251177,1.0,1.0
2.7938354,1.0,1.0
1.3133503,1.0,1.0
1.7536169,1.0,1.0
1.9027402,1.0,1.0
2.7107668,1.0,1.0
2.969227,1.0,2.0
1.3856205,1.0,2.0
0.23943922,1.0,2.0
2.5035248,1.0,1.0
2.6955373,1.0,2.0
1.8606641,1.0,1.0
2.8104131,1.0,1.0
2.0398057,1.0,2.0
2.0853724,1.0,2.0
2.6952527,1.0,1.0
1.5624614,1.0,2.0
1.6031702,1.0,1.0
1.3926482,1.0,1.0
2.6614072,1.0,1.0
2.0791235,1.0,2.0
2.7902455,1.0,1.0
0.83001184,1.0,2.0
2.8807483,1.0,2.0
2.9800093,1.0,1.0
2.4949799,1.0,2.0
2.6080923,1.0,1.0
1.0694822,1.0,2.0
2.8697338,1.0,2.0
2.1901658,1.0,1.0
1.7999659,1.0,1.0
-0.20317915,1.0,1.0
2.6023598,1.0,1.0
1.6660098,1.0,1.0
1.0062121,1.0,2.0
2.4766915,1.0,1.0
2.7739818,1.0,1.0
0.10286363,1.0,2.0
1.2026585,1.0,1.0
2.0775368,1.0,1.0
0.73462427,1.0,1.0
1.7778306,1.0,1.0
0.71114796,1.0,2.0
1.7652277,1.0,1.0
2.1851506,1.0,2.0
1.0856042,1.0,2.0
2.1307936,1.0,2.0
2.803135,1.0,1.0
2.382253,1.0,2.0
2.7805738,1.0,1.0
2.490029,1.0,2.0
1.5658033,1.0,2.0
1.5046092,1.0,1.0
2.2359858,1.0,1.0
2.5042214,1.0,1.0
2.6435435,1.0,1.0
1.1762128,1.0,2.0
2.0489624,1.0,1.0
2.9618673,1.0,2.0
2.4951077,1.0,1.0
2.8898745,1.0,1.0
2.2392347,1.0,1.0
-0.67494625,1.0,2.0
2.4360106,1.0,2.0
2.208274,1.0,2.0
2.3218315,1.0,2.0
2.6014147,1.0,2.0
2.4748535,1.0,1.0
1.1741009,1.0,2.0
1.8897841,1.0,2.0
1.2515112,1.0,2.0
2.5265212,1.0,2.0
0.17230125,1.0,1.0
0.28644937,1.0,1.0
2.0618138,1.0,2.0
2.7211761,1.0,2.0
2.2281692,1.0,1.0
0.6204283,1.0,2.0
1.414549,1.0,2.0
0.8598717,1.0,2.0
2.798205,1.0,1.0
2.8789093,1.0,1.0
0.686988,1.0,1.0
0.9038198,1.0,2.0
1.8089628,1.0,1.0
0.28101626,1.0,2.0
1.2017455,1.0,1.0
1.912971,1.0,2.0
0.9638888,1.0,1.0
0.31636462,1.0,2.0
1.2610229,1.0,2.0
2.1391203,1.0,2.0
2.266775,1.0,2.0
1.4943854,1.0,1.0
2.74516,1.0,1.0
2.6438274,1.0,2.0
2.935853,1.0,1.0
2.7152972,1.0,1.0
1.709005,1.0,1.0
0.17921042,1.0,1.0
2.9499226,1.0,1.0
0.46463907,1.0,1.0
2.062919,1.0,1.0
2.2695155,1.0,1.0
2.4800713,1.0,2.0
2.1342323,1.0,1.0
2.5586486,1.0,1.0
0.6184746,1.0,2.0
1.6991975,1.0,1.0
2.2214856,1.0,2.0
0.7258672,1.0,2.0
2.4177437,1.0,1.0
-0.2835742,1.0,1.0
-0.24477287,1.0,2.0
2.5030093,1.0,1.0
2.2971225,1.0,2.0
1.5622437,1.0,2.0
2.207585,1.0,2.0
2.5057435,1.0,2.0
0.95664954,1.0,1.0
1.95811,1.0,2.0
2.5346448,1.0,2.0
1.1416363,1.0,1.0
0.18943821,1.0,1.0
2.3773494,1.0,1.0
2.8423507,1.0,2.0
2.8915024,1.0,2.0
1.4909039,1.0,2.0
1.3139623,1.0,2.0
0.56120664,1.0,1.0
1.9921948,1.0,2.0
2.08553,1.0,2.0
1.4466051,1.0,2.0
-0.017077947,1.0,1.0
2.864974,1.0,2.0
2.0018532,1.0,2.0
0.8934938,1.0,1.0
2.0457826,1.0,2.0
2.6621299,1.0,2.0
2.6023922,1.0,1.0
2.7878478,1.0,2.0
2.2851162,1.0,1.0
2.2861185,1.0,2.0
2.375752,1.0,2.0
2.6745472,1.0,2.0
2.2397861,1.0,2.0
2.9432573,1.0,2.0
1.8989389,1.0,1.0
2.4350455,1.0,1.0
1.6439718,1.0,2.0
0.9335762,1.0,2.0
2.9280858,1.0,2.0
1.9848697,1.0,1.0
1.5577965,1.0,1.0
1.4580798,1.0,2.0
2.7681246,1.0,2.0
2.5424643,1.0,2.0
2.3176053,1.0,2.0
2.2882693,1.0,2.0
0.28302714,1.0,2.0
2.415117,1.0,1.0
2.8962662,1.0,2.0
2.66965,1.0,1.0
2.9945226,1.0,2.0
2.7947004,1.0,2.0
2.2876995,1.0,2.0
2.31361,1.0,2.0
2.5218596,1.0,1.0
2.992915,1.0,2.0
1.3173172,1.0,1.0
2.249519,1.0,2.0
2.838039,1.0,2.0
2.8075676,1.0,1.0
2.4624,1.0,2.0
1.3684157,1.0,1.0
2.0622835,1.0,2.0
2.508806,1.0,1.0
1.3166463,1.0,2.0
0.17212135,1.0,1.0
2.530859,1.0,1.0
1.900077,1.0,2.0
2.6933076,1.0,2.0
1.193839,1.0,1.0
2.3100448,1.0,1.0
1.9948153,1.0,1.0
1.7239777,1.0,1.0
2.139201,1.0,2.0
-0.13524252,1.0,1.0
1.4739574,1.0,1.0
0.7589571,1.0,2.0
2.8864408,1.0,2.0
2.3276658,1.0,1.0
2.8674817,1.0,1.0
2.6196332,1.0,2.0
-0.045414552,1.0,2.0
2.055422,1.0,1.0
0.46736398,1.0,2.0
2.864365,1.0,1.0
1.7520192,1.0,2.0
2.634546,1.0,2.0
1.6993523,1.0,2.0
-0.6829809,1.0,1.0
2.5660899,1.0,1.0
1.450087,1.0,1.0
-0.04272795,1.0,2.0
1.8061726,1.0,2.0
2.0295107,1.0,1.0
1.8514205,1.0,1.0
2.1669328,1.0,1.0
2.8609655,1.0,2.0
1.5989541,1.0,2.0
2.4687092,1.0,1.0
0.81444794,1.0,2.0
1.3497367,1.0,2.0
2.4924612,1.0,1.0
1.4814513,1.0,1.0
2.76907,1.0,1.0
2.232387,1.0,2.0
2.7865372,1.0,2.0
2.1241648,1.0,2.0
2.4406602,1.0,2.0
2.3078501,1.0,2.0
2.5713122,1.0,1.0
1.8800616,1.0,1.0
1.4801542,1.0,1.0
2.6870027,1.0,1.0
0.0626765,1.0,1.0
2.4931564,1.0,2.0
1.3953438,1.0,1.0
2.321625,1.0,2.0
2.3850155,1.0,2.0
1.8238753,1.0,1.0
1.7773689,1.0,2.0
2.331249,1.0,1.0
2.4243102,1.0,2.0
1.6666911,1.0,2.0
1.9432163,1.0,2.0
1.9836484,1.0,2.0
2.3338428,1.0,1.0
2.2551486,1.0,2.0
2.635657,1.0,2.0
-0.16143197,1.0,1.0
1.3878051,1.0,2.0
2.4104326,1.0,1.0
2.0853848,1.0,1.0
1.9214889,1.0,1.0
1.7441334,1.0,2.0
1.2188911,1.0,1.0
2.2278304,1.0,1.0
2.0539322,1.0,2.0
0.9087328,1.0,2.0
2.7310343,1.0,2.0
2.6003518,1.0,1.0
1.8488305,1.0,1.0
2.4133584,1.0,1.0
2.744008,1.0,1.0
2.460065,1.0,1.0
2.386833,1.0,2.0
2.6349223,1.0,2.0
2.1176372,1.0,2.0
0.5912994,1.0,1.0
2.5740795,1.0,1.0
1.2108991,1.0,2.0
1.6369413,1.0,2.0
1.8809519,1.0,1.0
1.3616135,1.0,2.0
2.0163364,1.0,2.0
0.37158892,1.0,1.0
2.5854056,1.0,1.0
1.3770664,1.0,1.0
1.109229,1.0,2.0
2.271573,1.0,1.0
2.9851336,1.0,2.0
2.5172918,1.0,2.0
1.8115036,1.0,2.0
1.3773228,1.0,2.0
0.7233283,1.0,1.0
2.460791,1.0,1.0
2.0334375,1.0,2.0
1.4776777,1.0,1.0
1.7955616,1.0,2.0
1.672118,1.0,2.0
2.633893,1.0,2.0
2.955495,1.0,1.0
1.1411885,1.0,1.0
2.159296,1.0,2.0
1.7002599,1.0,1.0
1.4599288,1.0,2.0
2.5921485,1.0,2.0
2.1844018,1.0,2.0
0.120274715,1.0,1.0
1.6607757,1.0,2.0
2.869617,1.0,1.0
1.5422746,1.0,2.0
1.5022513,1.0,1.0
2.4129748,1.0,2.0
1.5408876,1.0,1.0
2.3968558,1.0,2.0
2.4924462,1.0,1.0
2.3589907,1.0,2.0
-0.4779158,1.0,2.0
2.470178,1.0,1.0
1.8587568,1.0,2.0
0.9291877,1.0,2.0
2.900874,1.0,1.0
2.3976214,1.0,1.0
0.25661796,1.0,1.0
1.815007,1.0,1.0
2.3082323,1.0,1.0
0.456187,1.0,2.0
2.7138023,1.0,2.0
1.544945,1.0,2.0
2.6625655,1.0,1.0
0.43473557,1.0,2.0
2.0824103,1.0,1.0
1.2727473,1.0,2.0
1.7336416,1.0,2.0
2.6409302,1.0,2.0
1.8575059,1.0,1.0
0.86264485,1.0,1.0
2.2083607,1.0,1.0
0.3935163,1.0,2.0
2.295028,1.0,1.0
2.428692,1.0,2.0
1.1574554,1.0,1.0
2.8539443,1.0,1.0
1.4664854,1.0,2.0
2.3932745,1.0,2.0
2.716092,1.0,2.0
-0.15086865,1.0,2.0
2.785905,1.0,2.0
1.8545557,1.0,1.0
0.1644097,1.0,2.0
1.880252,1.0,2.0
2.1825273,1.0,2.0
2.9575942,1.0,2.0
1.5720364,1.0,1.0
1.8286456,1.0,2.0
2.8082747,1.0,2.0
1.8543884,1.0,2.0
2.9565732,1.0,2.0
-0.11346579,1.0,1.0
2.9544253,1.0,2.0
2.5516095,1.0,2.0
-0.46159902,1.0,2.0
2.9777539,1.0,2.0
1.7565918,1.0,1.0
2.3136387,1.0,2.0
1.1017094,1.0,2.0
0.20558746,1.0,1.0
2.242465,1.0,2.0
2.9549642,1.0,2.0
1.3479621,1.0,2.0
2.2277799,1.0,2.0
0.43541524,1.0,2.0
1.8720683,1.0,2.0
0.18750854,1.0,1.0
-0.040014934,1.0,1.0
0.60769176,1.0,1.0
2.9923933,1.0,2.0
2.4444375,1.0,1.0
1.9814074,1.0,1.0
1.6225946,1.0,1.0
2.1690333,1.0,1.0
2.370623,1.0,1.0
2.503866,1.0,2.0
2.262758,1.0,2.0
2.7041607,1.0,2.0
2.3898957,1.0,1.0
0.070556805,1.0,2.0
1.3302919,1.0,1.0
1.1898673,1.0,1.0
0.42696565,1.0,1.0
2.0445926,1.0,2.0
2.0572324,1.0,2.0
0.119112834,1.0,2.0
2.5884163,1.0,1.0
1.398126,1.0,2.0
1.6627551,1.0,1.0
2.0380652,1.0,1.0
1.547763,1.0,2.0
0.9615409,1.0,2.0
1.7847915,1.0,1.0
0.0001568944,1.0,2.0
2.9003532,1.0,2.0
1.961932,1.0,2.0
2.676483,1.0,2.0
-0.2435873,1.0,2.0
2.542549,1.0,2.0
2.2505412,1.0,1.0
1.358873,1.0,1.0
-0.00750319,1.0,1.0
2.7756941,1.0,1.0
0.7757034,1.0,1.0
1.2250575,1.0,2.0
2.904549,1.0,1.0
1.4266614,1.0,2.0
1.9444765,1.0,2.0
0.46930072,1.0,1.0
0.43190882,1.0,2.0
2.2706344,1.0,1.0
1.892634,1.0,2.0
-0.008827438,1.0,1.0
2.626715,1.0,2.0
-0.05624662,1.0,1.0
1.0566838,1.0,2.0
1.7540681,1.0,2.0
0.60495573,1.0,1.0
1.7089962,1.0,2.0
1.5947279,1.0,1.0
2.5710814,1.0,1.0
2.6166844,1.0,1.0
2.2775347,1.0,2.0
2.7359002,1.0,1.0
1.7792745,1.0,1.0
2.4229798,1.0,1.0
2.4735596,1.0,1.0
1.8738815,1.0,2.0
2.8306866,1.0,2.0
0.81597924,1.0,1.0
2.140807,1.0,2.0
2.783471,1.0,1.0
1.8587916,1.0,1.0
2.410057,1.0,1.0
1.0631561,1.0,2.0
1.5665449,1.0,2.0
1.1605598,1.0,1.0
2.9949555,1.0,1.0
2.0324593,1.0,2.0
2.1937175,1.0,2.0
1.1014389,1.0,2.0
2.9655309,1.0,1.0
0.1911509,1.0,1.0
2.293838,1.0,2.0
1.937358,1.0,2.0
2.4941418,1.0,2.0
2.1789403,1.0,2.0
1.449865,1.0,2.0
2.9749446,1.0,2.0
1.6799589,1.0,1.0
1.9243932,1.0,1.0
1.2723212,1.0,2.0
1.5671091,1.0,2.0
1.5768093,1.0,2.0
1.7122095,1.0,2.0
0.29938403,1.0,2.0
2.9698486,1.0,2.0
0.017313628,1.0,1.0
2.9395654,1.0,2.0
0.47572735,1.0,2.0
1.4458324,1.0,1.0
2.8560746,1.0,1.0
2.4452112,1.0,2.0
2.8780918,1.0,1.0
0.2870618,1.0,2.0
2.4038439,1.0,2.0
1.5653841,1.0,2.0
2.248904,1.0,1.0
2.0274324,1.0,2.0
2.4817815,1.0,2.0
-0.06642459,1.0,2.0
1.6200163,1.0,2.0
1.0249374,1.0,2.0
1.6372124,1.0,1.0
2.9403677,1.0,2.0
1.1894147,1.0,2.0
1.7428777,1.0,2.0
1.9923468,1.0,1.0
0.38302585,1.0,2.0
2.9537945,1.0,1.0
2.308112,1.0,2.0
2.1487246,1.0,1.0
2.8687842,1.0,1.0
1.8385682,1.0,2.0
2.6047187,1.0,1.0
1.3509027,1.0,2.0
1.4919,1.0,1.0
-0.4721879,1.0,1.0
2.1080885,1.0,2.0
1.8012619,1.0,2.0
1.6859993,1.0,2.0
-0.37276062,1.0,2.0
-0.029847741,1.0,2.0
2.8070447,1.0,2.0
2.074306,1.0,2.0
1.4878107,1.0,2.0
2.338065,1.0,1.0
2.0463521,1.0,2.0
1.2590053,1.0,2.0
2.2792757,1.0,2.0
1.7904757,1.0,2.0
2.4208348,1.0,1.0
1.2028714,1.0,1.0
2.0542955,1.0,1.0
0.51755583,1.0,1.0
1.1087371,1.0,2.0
2.5702958,1.0,1.0
1.1562014,1.0,2.0
1.3834414,1.0,2.0
0.13308619,1.0,2.0
2.5263221,1.0,1.0
2.9069712,1.0,1.0
2.269174,1.0,2.0
1.8107586,1.0,1.0
-0.094516955,1.0,2.0
2.3281782,1.0,2.0
1.9265186,1.0,2.0
1.0183651,1.0,1.0
0.57657087,1.0,2.0
1.4700857,1.0,2.0
2.9012892,1.0,2.0
1.9029028,1.0,1.0
2.9412985,1.0,1.0
1.9928175,1.0,2.0
-0.21569422,1.0,1.0
1.4030044,1.0,1.0
2.941938,1.0,1.0
-0.83464646,1.0,1.0
1.5307245,1.0,1.0
-0.080631934,1.0,2.0
2.790138,1.0,1.0
1.7400545,1.0,2.0
2.1335213,1.0,2.0
2.7126,1.0,2.0
2.0334027,1.0,1.0
2.469651,1.0,2.0
2.9514463,1.0,2.0
-0.006299696,1.0,2.0
2.593097,1.0,1.0
2.7214959,1.0,2.0
1.6730884,1.0,2.0
2.8477917,1.0,1.0
2.5604355,1.0,2.0
1.9553324,1.0,1.0
2.97654,1.0,1.0
0.12281729,1.0,2.0
1.8413284,1.0,2.0
2.2564352,1.0,2.0
2.1757467,1.0,1.0
1.9724041,1.0,1.0
2.9561675,1.0,2.0
-0.123786144,1.0,2.0
2.9654207,1.0,1.0
1.3155215,1.0,1.0
1.9330698,1.0,2.0
2.976617,1.0,1.0
2.3646739,1.0,2.0
2.2793627,1.0,1.0
2.5911045,1.0,1.0
2.4168775,1.0,1.0
1.7319999,1.0,1.0
1.9334515,1.0,2.0
-0.038847122,1.0,1.0
0.0028889203,1.0,1.0
2.9401555,1.0,1.0
2.0483959,1.0,2.0
2.4809954,1.0,2.0
1.5554692,1.0,2.0
2.9843893,1.0,2.0
2.6403966,1.0,2.0
2.932526,1.0,1.0
2.3639627,1.0,2.0
2.9958725,1.0,1.0
2.0419123,1.0,1.0
2.2744381,1.0,2.0
2.519791,1.0,2.0
1.6689724,1.0,1.0
1.924312,1.0,2.0
2.889963,1.0,2.0
1.8434595,1.0,2.0
1.2577403,1.0,1.0
2.2007222,1.0,2.0
1.6580842,1.0,2.0
2.4141047,1.0,1.0
2.7613645,1.0,2.0
2.2968175,1.0,1.0
1.5959873,1.0,2.0
2.4878871,1.0,2.0
2.3305278,1.0,2.0
2.0157638,1.0,2.0
1.7211456,1.0,2.0
1.9748868,1.0,1.0
0.2815474,1.0,1.0
0.083024144,1.0,2.0
1.0873291,1.0,1.0
1.176836,1.0,1.0
1.7701983,1.0,1.0
1.7738719,1.0,2.0
1.9698534,1.0,2.0
0.06877144,1.0,2.0
2.6129193,1.0,2.0
1.118177,1.0,2.0
2.636669,1.0,1.0
1.441443,1.0,2.0
1.7809433,1.0,1.0
2.325254,1.0,1.0
1.2112001,1.0,2.0
2.5768125,1.0,1.0
1.7599984,1.0,2.0
1.0315012,1.0,2.0
2.8523302,1.0,1.0
2.8246179,1.0,1.0
1.5138798,1.0,2.0
0.8901059,1.0,1.0
1.7799627,1.0,2.0
0.9446758,1.0,1.0
1.4915714,1.0,1.0
2.2861404,1.0,1.0
2.457166,1.0,1.0
1.8012972,1.0,2.0
1.954193,1.0,2.0
2.4976292,1.0,2.0
2.5065653,1.0,2.0
2.9699411,1.0,2.0
2.7276924,1.0,2.0
1.389859,1.0,2.0
2.0070379,1.0,2.0
1.5584716,1.0,1.0
1.619379,1.0,2.0
2.8466222,1.0,1.0
1.959485,1.0,2.0
0.4203172,1.0,1.0
2.4820697,1.0,2.0
2.2408955,1.0,2.0
1.2814027,1.0,1.0
0.64409804,1.0,1.0
0.86037546,1.0,2.0
1.3404613,1.0,1.0
2.8800197,1.0,1.0
1.6625582,1.0,1.0
2.928746,1.0,2.0
2.3337624,1.0,1.0
2.7805736,1.0,1.0
-0.20525205,1.0,1.0
1.4183851,1.0,2.0
1.7187951,1.0,2.0
0.09264423,1.0,2.0
2.648699,1.0,2.0
2.8219178,1.0,2.0
1.6835176,1.0,2.0
0.033422507,1.0,1.0
2.4818203,1.0,2.0
1.3978913,1.0,2.0
2.4131312,1.0,2.0
2.6725354,1.0,1.0
2.3057902,1.0,2.0
0.8340144,1.0,1.0
2.345984,1.0,2.0
-0.16952786,1.0,1.0
2.9737694,1.0,2.0
1.5173196,1.0,2.0
2.108102,1.0,1.0
0.75450706,1.0,2.0
0.9779551,1.0,2.0
2.1104915,1.0,1.0
0.8453454,1.0,2.0
1.9107561,1.0,2.0
2.5509264,1.0,1.0
1.2385308,1.0,2.0
2.2216635,1.0,2.0
2.9684594,1.0,1.0
2.895483,1.0,1.0
2.0474837,1.0,2.0
0.4073,1.0,1.0
2.1151142,1.0,2.0
2.1398213,1.0,2.0
1.7557025,1.0,2.0
2.3941064,1.0,1.0
1.7789891,1.0,1.0
2.078418,1.0,1.0
1.0534592,1.0,2.0
-0.10558358,1.0,2.0
2.0171783,1.0,2.0
2.2503316,1.0,2.0
1.0295441,1.0,2.0
0.69363195,1.0,2.0
2.7998254,1.0,2.0
2.2417915,1.0,2.0
2.7734044,1.0,2.0
1.252135,1.0,1.0
2.000303,1.0,1.0
2.2498093,1.0,1.0
1.4418285,1.0,2.0
0.9353788,1.0,2.0
2.897896,1.0,1.0
2.864631,1.0,1.0
0.46818894,1.0,2.0
-0.06826095,1.0,2.0
1.1423088,1.0,2.0
1.5531771,1.0,2.0
2.7856889,1.0,2.0
0.31233975,1.0,2.0
2.2430227,1.0,1.0
2.393742,1.0,2.0
2.8470836,1.0,1.0
1.9374745,1.0,2.0
2.1489697,1.0,1.0
1.3995446,1.0,1.0
1.7560675,1.0,1.0
1.845494,1.0,2.0
2.2989185,1.0,2.0
2.1380045,1.0,1.0
-0.804198,1.0,1.0
1.1197859,1.0,2.0
2.553276,1.0,1.0
1.4542292,1.0,2.0
2.74229,1.0,1.0
2.3115876,1.0,2.0
0.57211566,1.0,2.0
2.9488516,1.0,1.0
2.7811217,1.0,2.0
2.1937487,1.0,2.0
2.6703568,1.0,2.0
2.1040747,1.0,1.0
2.6746786,1.0,2.0
2.7445486,1.0,1.0
1.38201,1.0,2.0
1.9375154,1.0,1.0
-0.014346656,1.0,2.0
2.9131932,1.0,1.0
2.8644156,1.0,1.0
2.0582166,1.0,2.0
2.4228926,1.0,1.0
2.0066257,1.0,1.0
2.4972627,1.0,1.0
2.3204296,1.0,1.0
2.5272555,1.0,2.0
1.0048491,1.0,2.0
2.48759,1.0,1.0
0.9390459,1.0,1.0
2.8518794,1.0,2.0
1.8508078,1.0,1.0
0.044035863,1.0,2.0
1.1091169,1.0,1.0
2.7284973,1.0,1.0
1.8623946,1.0,2.0
1.9268014,1.0,2.0
2.2614548,1.0,2.0
1.4083585,1.0,2.0
1.8145994,1.0,2.0
2.9366283,1.0,2.0
2.272345,1.0,2.0
2.2486343,1.0,2.0
0.5313294,1.0,1.0
1.5472224,1.0,1.0
0.12765025,1.0,1.0
2.4318051,1.0,1.0
1.6387875,1.0,1.0
0.107934184,1.0,2.0
2.923548,1.0,1.0
2.743704,1.0,2.0
2.6737447,1.0,2.0
2.3397994,1.0,1.0
2.8689787,1.0,1.0
2.6301298,1.0,2.0
1.7558076,1.0,1.0
1.6007092,1.0,1.0
2.2284713,1.0,2.0
1.1430362,1.0,1.0
2.3234658,1.0,1.0
2.617554,1.0,2.0
2.6149285,1.0,1.0
1.0105522,1.0,2.0
1.4806979,1.0,2.0
2.835042,1.0,1.0
2.7763166,1.0,1.0
2.3915594,1.0,2.0
2.8397403,1.0,1.0
1.8587469,1.0,2.0
2.6094325,1.0,2.0
2.8190737,1.0,1.0
2.467927,1.0,2.0
0.03241863,1.0,1.0
2.1295984,1.0,2.0
1.1414727,1.0,2.0
0.8461592,1.0,2.0
2.9450774,1.0,2.0
0.05444805,1.0,1.0
1.1515021,1.0,1.0
2.0173473,1.0,2.0
1.5591986,1.0,2.0
2.7142634,1.0,2.0
2.7504845,1.0,1.0
2.8571038,1.0,2.0
1.1659691,1.0,2.0
2.4728522,1.0,1.0
2.7926185,1.0,1.0
2.7947087,1.0,2.0
1.1008288,1.0,1.0
1.564364,1.0,2.0
2.1735146,1.0,2.0
2.407449,1.0,2.0
2.4398353,1.0,2.0
1.7894361,1.0,2.0
1.4689753,1.0,2.0
2.8246217,1.0,1.0
2.7499912,1.0,2.0
2.9647937,1.0,2.0
0.916293,1.0,1.0
2.826907,1.0,2.0
1.2821553,1.0,2.0
2.1379488,1.0,1.0
1.038279,1.0,1.0
0.2058848,1.0,2.0
2.9283905,1.0,1.0
1.969573,1.0,1.0
2.188692,1.0,1.0
0.91401833,1.0,1.0
2.8321524,1.0,2.0
2.137809,1.0,2.0
1.7831997,1.0,2.0
2.9047887,1.0,2.0
2.9703226,1.0,2.0
2.6937268,1.0,1.0
0.72501206,1.0,1.0
2.6447198,1.0,2.0
0.037882794,1.0,1.0
2.881947,1.0,2.0
2.9460917,1.0,1.0
2.894632,1.0,1.0
1.8879235,1.0,1.0
2.0903602,1.0,2.0
1.982397,1.0,2.0
1.4486728,1.0,1.0
2.0949278,1.0,1.0
1.8640876,1.0,1.0
1.1288968,1.0,1.0
1.8895473,1.0,1.0
1.1570187,1.0,1.0
2.9478269,1.0,1.0
1.9709944,1.0,2.0
2.9644608,1.0,1.0
1.7823961,1.0,2.0
0.5318302,1.0,2.0
0.12602387,1.0,2.0
0.32640558,1.0,2.0
0.7109422,1.0,2.0
2.3519015,1.0,2.0
2.291968,1.0,2.0
1.3780291,1.0,2.0
2.597891,1.0,2.0
2.4963233,1.0,2.0
2.4533856,1.0,2.0
2.2891085,1.0,1.0
2.8184538,1.0,1.0
0.34159368,1.0,2.0
2.4510324,1.0,1.0
2.543955,1.0,1.0
2.4797406,1.0,1.0
1.5246772,1.0,1.0
1.7898374,1.0,1.0
2.493026,1.0,2.0
2.0864234,1.0,2.0
2.2623863,1.0,1.0
2.2097876,1.0,2.0
1.3302201,1.0,2.0
1.3943555,1.0,1.0
2.825908,1.0,2.0
2.2629154,1.0,1.0
1.963193,1.0,2.0
1.8785602,1.0,1.0
1.0825337,1.0,2.0
2.2953231,1.0,2.0
2.4984384,1.0,1.0
2.284532,1.0,1.0
-0.4373219,1.0,1.0
2.4785903,1.0,1.0
2.7677383,1.0,2.0
0.5504443,1.0,1.0
2.7882307,1.0,1.0
1.5991383,1.0,2.0
1.2702161,1.0,1.0
0.36223647,1.0,2.0
2.2551591,1.0,1.0
2.6445725,1.0,2.0
2.2894504,1.0,2.0
1.9425306,1.0,2.0
-0.26407063,1.0,1.0
2.5694444,1.0,1.0
2.582535,1.0,2.0
2.9712977,1.0,1.0
0.097904496,1.0,1.0
2.3082185,1.0,1.0
2.6856844,1.0,1.0
0.9429572,1.0,2.0
1.3191365,1.0,2.0
2.6449087,1.0,1.0
2.1971676,1.0,2.0
1.2466315,1.0,2.0
2.3044784,1.0,1.0
0.67501706,1.0,2.0
2.900045,1.0,2.0
0.67532706,1.0,2.0
2.492138,1.0,1.0
2.9718914,1.0,1.0
0.51032543,1.0,1.0
-0.25627878,1.0,1.0
2.319742,1.0,2.0
2.7644067,1.0,1.0
1.4564174,1.0,2.0
2.168614,1.0,2.0
-0.30964252,1.0,2.0
0.5124566,1.0,2.0
2.5080862,1.0,1.0
1.2205753,1.0,2.0
1.6390369,1.0,2.0
2.866065,1.0,2.0
1.6619163,1.0,2.0
2.3991404,1.0,1.0
0.21579355,1.0,2.0
-0.3239402,1.0,2.0
2.1872923,1.0,1.0
2.7482436,1.0,2.0
0.197386,1.0,1.0
2.3059802,1.0,2.0
1.6023988,1.0,1.0
1.9782273,1.0,2.0
1.8382399,1.0,1.0
1.0991056,1.0,2.0
2.829304,1.0,1.0
0.35697874,1.0,1.0
0.66067284,1.0,1.0
2.9431527,1.0,1.0
1.6173668,1.0,1.0
0.10944067,1.0,1.0
1.6893132,1.0,1.0
1.6556795,1.0,1.0
2.8723943,1.0,1.0
-0.049291994,1.0,2.0
2.2454271,1.0,2.0
1.5646279,1.0,1.0
1.5995101,1.0,1.0
1.8770555,1.0,2.0
0.5533716,1.0,1.0
0.49478057,1.0,2.0
1.9186672,1.0,2.0
1.6336128,1.0,2.0
2.5492802,1.0,1.0
0.059916195,1.0,1.0
2.8792942,1.0,2.0
2.5714233,1.0,2.0
2.857531,1.0,2.0
2.5810018,1.0,1.0
2.826313,1.0,1.0
-0.11189791,1.0,2.0
-0.115963265,1.0,2.0
1.8661988,1.0,1.0
0.8021893,1.0,2.0
1.9582553,1.0,2.0
1.1146822,1.0,1.0
2.5479758,1.0,1.0
1.341066,1.0,1.0
2.4809582,1.0,1.0
2.7630584,1.0,1.0
2.1615417,1.0,2.0
1.4999555,1.0,2.0
2.5408072,1.0,2.0
1.8896185,1.0,1.0
1.3465136,1.0,1.0
0.05811462,1.0,2.0
2.8944287,1.0,1.0
2.5455463,1.0,1.0
2.4250913,1.0,1.0
2.3808117,1.0,2.0
0.3887615,1.0,2.0
1.371487,1.0,1.0
1.4766507,1.0,2.0
2.9635763,1.0,2.0
2.3167145,1.0,1.0
2.1852381,1.0,2.0
2.0447578,1.0,2.0
2.7996929,1.0,2.0
-0.2019979,1.0,2.0
1.3996476,1.0,2.0
2.512202,1.0,2.0
2.6349788,1.0,2.0
2.9166772,1.0,1.0
2.1400597,1.0,2.0
2.9121387,1.0,1.0
-0.005416644,1.0,2.0
2.6622581,1.0,2.0
2.7671525,1.0,1.0
0.5928213,1.0,2.0
2.998464,1.0,1.0
2.2754269,1.0,2.0
1.0144788,1.0,2.0
0.6141388,1.0,1.0
2.9915717,1.0,2.0
2.2761436,1.0,1.0
1.622641,1.0,2.0
1.7548196,1.0,1.0
-0.0045625004,1.0,2.0
2.9125595,1.0,2.0
1.2620817,1.0,1.0
2.6107652,1.0,2.0
-0.12577595,1.0,2.0
1.7900859,1.0,2.0
2.9942157,1.0,2.0
1.6842049,1.0,2.0
2.8070486,1.0,1.0
2.345091,1.0,1.0
2.5152833,1.0,1.0
2.6426606,1.0,2.0
2.8113809,1.0,1.0
2.2418602,1.0,2.0
0.08592946,1.0,2.0
2.9794214,1.0,1.0
2.005059,1.0,2.0
2.0807126,1.0,2.0
0.07210848,1.0,2.0
1.3620435,1.0,1.0
1.912874,1.0,1.0
2.2089498,1.0,2.0
1.0835749,1.0,2.0
2.6879747,1.0,1.0
0.11830466,1.0,1.0
1.6340944,1.0,1.0
1.0841367,1.0,2.0
1.7193252,1.0,1.0
1.2814919,1.0,1.0
2.017046,1.0,2.0
2.28486,1.0,1.0
2.0545766,1.0,2.0
1.8611618,1.0,2.0
2.8358848,1.0,1.0
2.8190658,1.0,2.0
1.4309715,1.0,2.0
2.965182,1.0,1.0
1.7127107,1.0,2.0
-0.10279009,1.0,2.0
1.7980659,1.0,2.0
2.8992348,1.0,1.0
2.2439504,1.0,1.0
2.694934,1.0,2.0
2.9803162,1.0,2.0
2.0760896,1.0,1.0
2.1309316,1.0,1.0
1.2020317,1.0,2.0
0.049703237,1.0,2.0
2.921926,1.0,1.0
1.3642298,1.0,1.0
0.32917184,1.0,2.0
1.3602004,1.0,1.0
1.7515675,1.0,1.0
0.96760476,1.0,1.0
2.8630087,1.0,2.0
1.6677278,1.0,1.0
0.94822127,1.0,2.0
2.861378,1.0,2.0
2.9166484,1.0,2.0
-0.012977608,1.0,2.0
1.7450178,1.0,1.0
2.5035994,1.0,1.0
2.2378545,1.0,1.0
2.1379974,1.0,1.0
1.7060825,1.0,1.0
-1.1380757,1.0,2.0
1.4782872,1.0,2.0
1.6536059,1.0,1.0
2.9261813,1.0,1.0
